id,symbol,name,current_price,market_cap,market_cap_rank,total_volume,circulating_supply,total_supply,ath,atl,date
bitcoin,btc,Bitcoin,8295633.0,166696360627599,1,3783282025507.0,20092375.0,20092384.0,11187013.0,3993.42,2026-10-02
ethereum,eth,Ethereum,263705.0,32200380712378,2,1511559056424.0,122098689.50213154,122098689.5021315,431946.0,28.13,2026-10-02
tether,usdt,Tether,96.11,17691123937520,3,6981507016527.0,184057713983.93323,189524660047.5562,105.52,36.86,2026-10-02
binancecoin,bnb,BNB,74592.0,9932999719227,4,78971084291.0,133159312.52,133159303.71,121422.0,2.58,2026-10-02
ripple,xrp,XRP,147.99,9336850458159,5,286124857114.0,63092975951.0,99985612577.0,313.99,0.159343,2026-10-02
usd-coin,usdc,USDC,96.12,7113629333945,6,2144570932988.0,74003236641.03654,73996647926.85109,96.99,65.31,2026-10-02
solana,sol,Solana,11720.38,6893001696407,7,422689211517.0,588075337.5285048,635073002.6600933,25396.0,38.03,2026-10-02
tron,trx,TRON,32.2,3058051494387,8,35957053027.0,94976612551.81999,94977910377.9578,36.53,0.117589,2026-10-02
figure-heloc,figr_heloc,Figure Heloc,98.27,2299410853358,9,1574162136.0,23399762227.818,23399762227.818,101.84,13.78,2026-10-02
zcash,zec,Zcash,132846.0,2253828713280,10,119611059681.0,16960081.4155448,16964023.6030448,211171.0,1342.38,2026-10-02
hyperliquid,hype,Hyperliquid,8742.11,1945012499753,11,88798706726.0,222445714.07414138,955307079.4341414,9368.5,321.88,2026-10-02
dogecoin,doge,Dogecoin,9.29,1451045221284,12,82837256053.0,156154276383.7052,156156346383.7052,53.62,0.00552883,2026-10-02
chainlink,link,Chainlink,1384.76,1036000369273,13,47098120648.0,748099970.424884,1000000000.0,3862.15,9.55,2026-10-02
monero,xmr,Monero,52427.0,986870944032,14,11691455120.0,18812242.250365086,18812287.84977191,72026.0,13.57,2026-10-02
whitebit,wbt,WhiteBIT Coin,8268.66,982495290604,15,11470372350.0,118819745.0,293389244.0,8421.2,245.71,2026-10-02
usds,usds,USDS,96.11,955928035903,16,24812177711.0,9946471845.618187,9952236860.552437,96.98,79.67,2026-10-02
cardano,ada,Cardano,24.62,924136220891,17,54273675212.0,37541298084.960144,45000000000.0,225.26,1.38,2026-10-02
rain,rain,Rain,1.12,794151721907,18,2288942546.0,709250252593.093,1142408526965.963,1.85,0.196087,2026-10-02
leo-token,leo,LEO Token,861.88,792818174464,19,27882071.0,919857851.9,985239504.0,1008.66,56.97,2026-10-02
stellar,xlm,Stellar,21.63,758090527215,20,22965683166.0,35040040738.21158,50001786839.69947,55.54,0.02966141,2026-10-02
near,near,NEAR Protocol,469.7,614026484409,21,122067764021.0,1307873756.0,1307873762.0,1518.16,39.17,2026-10-02
bitcoin-cash,bch,Bitcoin Cash,30421.0,611619735700,22,23123630553.0,20097324.89665076,20097340.52165076,242198.0,5536.54,2026-10-02
uniswap,uni,Uniswap,868.29,542946884353,23,59348141480.0,625268422.6104751,887516418.9163101,3333.06,75.81,2026-10-02
litecoin,ltc,Litecoin,6703.47,520568275919,24,36529332131.0,77670260.8217404,77673160.8296346,30082.0,72.12,2026-10-02
avalanche-2,avax,Avalanche,1072.45,475335055467,25,44769093753.0,443176938.9007337,469845805.7289045,10772.35,204.63,2026-10-02
ethena-usde,usde,Ethena USDe,96.11,471380778519,26,3405084682.0,4904466489.662967,4904560353.720665,96.98,78.05,2026-10-02
canton-network,cc,Canton,11.74,467127844223,27,1719105208.0,39740505152.82366,39741422195.69073,17.72,5.31,2026-10-02
sui,sui,Sui,113.1,465878001592,28,76750132664.0,4118270447.6403894,10000000000.0,458.6,30.36,2026-10-02
hedera-hashgraph,hbar,Hedera,10.11,445362129976,29,16420457189.0,43997753975.857605,50000000000.0,41.81,0.703644,2026-10-02
dai,dai,Dai,96.13,440983928584,30,39246595266.0,4587545593.367843,4619754252.040674,104.44,64.85,2026-10-02
usd1-wlfi,usd1,USD1,96.09,424572982041,31,101218085750.0,4418501460.431535,4418501460.431535,100.02,83.75,2026-10-02
the-open-network,gram,Gram (prev. Toncoin),149.43,421134247701,32,5212625160.0,2818047357.4327154,5259203527.005715,689.6,38.25,2026-10-02
bitway,btw,Bitway,138.5,374932907418,33,2585167333.0,2708142280.000001,10000000000.0,142.76,0.842049,2026-10-02
bittensor,tao,Bittensor,29839.0,338409771404,34,22744473190.0,11339645.9251,21000000.0,62722.0,2535.93,2026-10-02
shiba-inu,shib,Shiba Inu,0.00056663,333867886914,35,9828570345.0,589238865672620.0,589496063961009.6,0.00645756,4.169e-09,2026-10-02
crypto-com-chain,cro,Cronos,6.67,332021644577,36,1342527333.0,49756600083.77772,98956583198.19203,66.37,0.864137,2026-10-02
tether-gold,xaut,Tether Gold,401957.0,325192532114,37,21157198472.0,808994.63,827417.63,506656.0,108167.0,2026-10-02
quant-network,qnt,Quant,22222.0,323171580912,38,42518647695.0,14544176.164081175,14612493.0,34322.0,15.06,2026-10-02
global-dollar,usdg,Global Dollar,96.14,305114994254,39,83230839604.0,3173645165.517037,3173745134.336116,143.35,76.61,2026-10-02
paypal-usd,pyusd,PayPal USD,96.14,275510107991,40,10610160767.0,2865863495.4876432,2865863495.487643,96.97,80.95,2026-10-02
aave,aave,Aave,17739.92,273978087795,41,67135454610.0,15434997.596186722,16000000.0,48387.0,1933.39,2026-10-02
pump-fun,pump,Pump.fun,0.561295,261073933249,42,57559059792.0,464927020902.7715,830430241087.0863,0.77853,0.10906,2026-10-02
okb,okb,OKB,11747.52,246796385340,43,2150241530.0,21000000.0,21000000.0,20297.0,40.86,2026-10-02
ripple-usd,rlusd,Ripple USD,96.14,241281505070,44,24133045763.0,2509774082.0172095,2508918019.017206,97.01,81.72,2026-10-02
ethena,ena,Ethena,23.76,240014865902,45,56583501207.0,10095312500.0,15000000000.0,126.48,6.64,2026-10-02
ondo-finance,ondo,Ondo,48.89,237995679994,46,24467044425.0,4869330647.0,10000000000.0,181.52,6.83,2026-10-02
hashnote-usyc,usyc,Circle USYC,109.5,231253954359,47,0.0,2111916940.477755,2111916940.477755,109.75,86.89,2026-10-02
memecore,m,MemeCore,101.1,230612866291,48,116249198.0,2281725727.615356,5420700053.399432,536.04,4.05,2026-10-02
ondo-us-dollar-yield,usdy,Ondo US Dollar Yield,110.14,218814434959,49,351283716.0,1986442681.7572312,1989145747.758101,110.7,77.42,2026-10-02
blackrock-usd-institutional-digital-liquidity-fund,buidl,BlackRock USD Institutional Digital Liquidity Fund,96.14,217520128086,50,0.0,2262646716.187649,2262646716.187649,96.9,83.81,2026-10-02
mantle,mnt,Mantle,64.91,214351997892,51,3102689956.0,3302003382.53684,6219316794.889999,253.43,25.64,2026-10-02
sky,sky,Sky,8.53,200058288206,52,3654446255.0,23422717430.57867,23459804203.60596,8.76,3.12,2026-10-02
polkadot,dot,Polkadot,117.21,199907666844,53,16744438916.0,1705455554.8948014,1705473292.618701,4095.22,69.59,2026-10-02
worldcoin-wld,wld,Worldcoin,51.78,196198283643,54,48338215607.0,3793753211.141162,10000000000.0,971.56,22.02,2026-10-02
aster-2,aster,Aster,71.86,194733828463,55,10651352565.0,2710487455.6497307,7795741639.234234,213.7,8.76,2026-10-02
pepe,pepe,Pepe,0.00043572,183490454592,56,39775461403.0,420690000000000.0,420690000000000.0,0.00237833,4.52e-06,2026-10-02
morpho,morpho,Morpho,254.01,177797796180,57,3537626407.0,699903176.1561837,1000000000.0,361.23,60.2,2026-10-02
pax-gold,paxg,PAX Gold,402362.0,175076960056,58,13530272046.0,435070.590539,435070.590539,516779.0,100361.0,2026-10-02
internet-computer,icp,Internet Computer,313.78,174798786844,59,5540563146.0,557007092.9153376,557007382.8045111,51433.0,183.62,2026-10-02
world-liberty-financial,wlfi,World Liberty Financial,5.38,170825816488,60,3300906447.0,31778337976.0,100000000000.0,29.22,4.61,2026-10-02
falcon-finance,usdf,Falcon USD,95.75,149533593711,61,29851618.0,1561607327.2652395,1609990603.515033,96.82,80.47,2026-10-02
htx-dao,htx,HTX DAO,0.00016424,147445924299,62,7441990651.0,898232728634017.2,898232728634017.2,0.00031771,6.739e-05,2026-10-02
usdd,usdd,USDD,96.1,145606932997,63,337133020.0,1515152604.0,1514900269.0,118.56,72.35,2026-10-02
united-stables,u,United Stables,96.06,144243546454,64,14086820446.0,1501671534.63,1525661534.63,96.99,86.73,2026-10-02
spiko-amundi-overnight-swap-fund-eur,eursafo,Spiko Amundi Overnight Swap Fund (EUR),109.53,143276878662,65,0.0,1308054511.7182,1308054511.7182,113.39,109.49,2026-10-02
venice-token,vvv,Venice Token,2894.0,139870857963,66,5335594215.0,48289140.551073596,81087174.98963824,3309.14,82.42,2026-10-02
ethereum-classic,etc,Ethereum Classic,880.14,139358034690,67,6418894868.0,158350715.60090342,158351899.3317548,12296.58,41.44,2026-10-02
bitget-token,bgb,Bitget Token,192.23,134574639413,68,1175392442.0,699992029.6481037,910920874.6481038,722.65,1.081,2026-10-02
arbitrum,arb,Arbitrum,19.63,133207431668,69,18674161832.0,6785574605.0,10000000000.0,198.19,6.65,2026-10-02
bfusd,bfusd,BFUSD,96.07,126809534463,70,155337205.0,1320000000.0,1320000000.0,96.89,86.85,2026-10-02
usdgo,usdgo,USDGO,96.14,114859418964,71,7108510918.0,1194633292.97,1194633292.97,97.01,91.54,2026-10-02
gatechain-token,gt,Gate,1072.4,114371773056,72,110323891.0,106648130.11937457,118899493.00505702,2187.52,19.44,2026-10-02
kaspa,kas,Kaspa,4.12,114153572803,73,2242537982.0,27732249762.74345,27733651623.79915,17.36,0.01327337,2026-10-02
algorand,algo,Algorand,12.53,113572213994,74,16938523219.0,9058106367.9364,9062251796.444874,247.29,7.25,2026-10-02
polygon-ecosystem-token,pol,POL (ex-MATIC),10.52,111806107841,75,7876407476.0,10624572016.540514,10624572016.540512,106.68,6.41,2026-10-02
jupiter-exchange-solana,jup,Jupiter,31.67,105141793085,76,7956473793.0,3319369204.37,6861486492.127128,166.05,12.3,2026-10-02
just,jst,JUST,12.31,100892294373,77,2213692534.0,8188743036.341737,8188743036.341737,14.19,0.359754,2026-10-02
kucoin-shares,kcs,KuCoin,714.81,99834456996,78,933275343.0,139655021.2773955,142155021.2773955,2158.41,24.48,2026-10-02
render-token,render,Render,189.64,98387302795,79,5134850647.0,518776241.28269154,533536414.5626915,1121.89,2.79,2026-10-02
pi-network,pi,Pi Network,8.67,97445627707,80,469025659.0,11243022455.380999,17296957623.66307,260.4,6.77,2026-10-02
blockchain-capital,bcap,Blockchain Capital,10337.42,94195758589,81,0.0,9112111.0,9112111.0,10360.96,1516.02,2026-10-02
lighter,lit,Lighter,365.56,91399958793,82,9182561088.0,250000000.0,1000000000.0,705.52,73.21,2026-10-02
cosmos,atom,Cosmos Hub,167.12,89208637591,83,4115084898.0,533769512.358817,533791855.241772,3233.07,87.61,2026-10-02
nexo,nexo,NEXO,83.19,83171701857,84,309910721.0,1000000000.0,1000000000.0,298.99,3.25,2026-10-02
filecoin,fil,Filecoin,99.24,82695898234,85,12463880277.0,833303530.0,1957017008.0,17367.85,58.59,2026-10-02
pancakeswap-token,cake,PancakeSwap,248.76,82265111647,86,6205696405.0,330679794.05459136,342286106.3820742,3259.75,14.48,2026-10-02
aerodrome-finance,aero,Aerodrome Finance,76.38,76392943001,87,5315068218.0,999990292.4328847,1992844978.458703,196.44,0.0015484,2026-10-02
vechain,vet,VeChain,0.860079,73928947521,88,988874591.0,85985041177.0,85985041177.0,20.95,0.144791,2026-10-02
dash,dash,Dash,5737.63,73733799901,89,9420524983.0,12850774.70616871,12851086.78132121,95552.0,13.82,2026-10-02
stable-2,stable,​​Stable,2.72,72948725276,90,755108332.0,26842993141.0,100000000000.0,4.14,0.827533,2026-10-02
injective-protocol,inj,Injective,723.8,72406195280,91,10560375463.0,100000000.0,100000000.0,4364.19,49.02,2026-10-02
superstate-short-duration-us-government-securities-fund-ustb,ustb,Invesco Short Duration US Government Securities Fund,1079.59,72091109787,92,0.0,66776370.813419,66670756.869989,1082.05,876.83,2026-10-02
akedo,ake,Akedo,3.13,71205359107,93,713253347.0,22796250000.0,100000000000.0,14.08,0.01659934,2026-10-02
midnight-3,night,Midnight,4.28,71038013720,94,9208249588.0,16607399400.634954,24000000000.0,10.66,1.47,2026-10-02
aptos,apt,Aptos,78.9,68720611774,95,7138120134.0,871107277.2034705,1209551814.899507,1622.34,48.75,2026-10-02
ether-fi,ethfi,Ether.fi,70.72,68284983645,96,4884667414.0,965350000.0,965350000.0,711.06,25.42,2026-10-02
gho,gho,GHO,96.06,67145605354,97,379284206.0,699000000.0,699000000.0,96.87,76.18,2026-10-02
blockstack,stx,Stacks,35.47,66307592876,98,5421266254.0,1871098180.301809,1871108880.301809,322.23,3.44,2026-10-02
eutbl,eutbl,Spiko EU T-Bills Money Market Fund,114.51,66007690947,99,0.0,576412363.55825,555742361.39701,118.61,84.72,2026-10-02
xdce-crowd-sale,xdc,XDC Network,3.26,65076985950,100,1706005616.0,19946688440.0,38065686425.1,14.32,0.02721364,2026-10-02
open-usd,ousd,Open USD,96.11,64251352584,101,363979133.0,668499643.93,668499643.93,96.33,95.85,2026-10-02
layerzero,zro,LayerZero,177.19,62551935066,102,16691862219.0,353313325.89,1000000000.0,632.92,67.47,2026-10-02
flare-networks,flr,Flare,0.710749,61885589463,103,333551519.0,87061365438.15585,106669998817.8837,12.35,0.558382,2026-10-02
pudgy-penguins,pengu,Pudgy Penguins,0.953189,59941728424,104,22772812103.0,62860396090.0,76722799736.77728,5.81,0.320882,2026-10-02
pyth-network,pyth,Pyth Network,7.4,58301031836,105,2058684308.0,7874959274.621841,10000000000.0,99.17,2.82,2026-10-02
official-trump,trump,Official Trump,204.81,57719445501,106,21194787905.0,281867936.287634,1000000000.0,6357.94,130.72,2026-10-02
curve-dao-token,crv,Curve DAO,36.6,57500243592,107,6953771677.0,1570769938.0,2422754823.966288,1150.14,15.17,2026-10-02
janus-henderson-anemoy-aaa-clo-fund,jaaa,Janus Henderson Anemoy AAA CLO Fund,100.99,56241373851,108,0.0,556927498.378853,556927498.378853,101.2,89.64,2026-10-02
beldex,bdx,Beldex,7.08,55719363366,109,220435317.0,7870994979.676834,9939718245.38,32.42,0.01949843,2026-10-02
usual-usd,usd0,Usual USD,96.02,52497803399,110,13749864.0,546721152.8882058,546721152.8882058,110.74,81.88,2026-10-02
fetch-ai,fet,Artificial Superintelligence Alliance,22.33,51699111626,111,15007782326.0,2311508384.055814,2714384546.672,287.87,0.616804,2026-10-02
virtual-protocol,virtual,Virtuals Protocol,78.22,51512951577,112,8090039697.0,658385841.8252224,1000000000.0,434.45,0.622571,2026-10-02
kinesis-gold,kau,Kinesis Gold,12919.85,51502114574,113,6876020.0,3986181.4592,2386227.8342,18851.55,3614.27,2026-10-02
raydium,ray,Raydium,187.63,50650690128,114,4282586548.0,269863602.195736,555000000.0,1237.65,11.13,2026-10-02
ylds,ylds,YLDS,96.12,49873831828,116,5772104403.0,518877158.33,518877158.33,96.99,87.62,2026-10-02
bianrensheng,币安人生,币安人生 (BinanceLife),49.82,49848789629,115,421485471.0,1000000000.0,1000000000.0,85.28,3.63,2026-10-02
true-usd,tusd,TrueUSD,96.12,47535913604,117,1322186763.0,494515083.0,494515083.0,112.93,64.32,2026-10-02
usdtb,usdtb,USDtb,96.13,47364974344,118,9176080.0,492725712.6561826,492725712.6561826,96.91,77.41,2026-10-02
sei-network,sei,Sei,6.91,46553621753,119,6651688771.0,6733333333.0,10000000000.0,94.47,3.66,2026-10-02
grass,grass,Grass,66.0,46194070910,120,4160803533.0,699492325.0,1000000000.0,328.41,15.07,2026-10-02
euro-coin,eurc,EURC,108.02,45513334508,121,4208665172.0,421327668.5739902,423422760.8925712,112.72,4.35,2026-10-02
a7a5,a7a5,A7A5,1.13,44277225858,122,104380.0,39237341548.10074,39237548476.40073,20.14,0.00091492,2026-10-02
celestia,tia,Celestia,45.27,44135412417,123,8052803417.0,975886836.253246,1178464142.022703,1730.96,25.29,2026-10-02
plasma,xpl,Plasma,9.51,42998057703,124,5663606816.0,4533333333.3333,10000000000.0,149.21,5.75,2026-10-02
pendle,pendle,Pendle,234.96,40810002221,125,6109727485.0,173632510.94553822,281527448.4585314,625.59,2.73,2026-10-02
spx6900,spx,SPX6900,43.25,40277338591,126,630804141.0,930987187.3299134,930987187.3299134,196.84,0.109402,2026-10-02
bitcoin-cash-sv,bsv,Bitcoin SV,1927.39,38669489738,128,288130498.0,20091403.125,20091600.0,36495.0,990.23,2026-10-02
derive,drv,Derive,38.72,38652067760,127,1962479811.0,999651632.5499792,1500000000.0,48.85,1.068,2026-10-02
falcon-finance-ff,ff,Falcon Finance,11.54,38588731186,129,532067080.0,3343055555.0,10000000000.0,68.38,5.45,2026-10-02
monad,mon,Monad,3.23,38176897882,130,8942058427.0,11825165000.0,100682925000.0,4.36,1.48,2026-10-02
pieverse,pieverse,Pieverse,133.28,36623684990,131,295792165.0,274750000.0,1000000000.0,190.03,10.59,2026-10-02
lido-dao,ldo,Lido DAO,43.87,36394071683,132,5376512400.0,829567764.2043006,1000000000.0,543.56,22.2,2026-10-02
pearl-2,prl,Pearl,109.53,36388468492,133,376528245.0,332203113.3482476,2100000000.0,168.19,13.51,2026-10-02
bittorrent,btt,BitTorrent,3.609e-05,35616311640,134,1126999545.0,987037885840674.8,990000000000000.0,0.00025579,2.414e-05,2026-10-02
kite-2,kite,Kite,14.43,34504623985,135,1979844007.0,2391196012.0,10000000000.0,29.33,5.48,2026-10-02
pons,pons,Pons,50.52,34437653765,136,3577054137.0,681724299.1597174,681752147.7628574,91.7,0.319844,2026-10-02
tezos,xtz,Tezos,30.98,34008315002,137,833481612.0,1097687388.67757,1117657821.685754,676.89,18.29,2026-10-02
unibase,ub,Unibase,13.34,33350896338,138,1022464221.0,2500000000.0,10000000000.0,23.38,0.909123,2026-10-02
usdai,usdai,USDai,96.18,33275202110,139,256426047.0,345955902.66272795,346405645.4552136,104.92,68.25,2026-10-02
bonk,bonk,Bonk,0.00037585,33048405489,140,4883896489.0,87994374942476.2,87994374942476.2,0.00491619,7.14e-06,2026-10-02
backpack,bp,Backpack,130.95,32747157289,141,2164867653.0,250000000.0,1000000000.0,158.08,11.24,2026-10-02
sofiusd,sofid,SoFiUSD,95.98,31749357867,142,1147550709.0,330808795.21,330808795.21,96.82,94.14,2026-10-02
sun-token,sun,Sun Token,1.64,31600909927,143,1314574657.0,19222181989.37517,19900730000.0,4880.96,0.374246,2026-10-02
janus-henderson-anemoy-treasury-fund,jtrsy,Janus Henderson Anemoy Treasury Fund,107.47,31360310747,144,0.0,291807107.730094,291807107.730094,107.7,95.98,2026-10-02
first-digital-usd,fdusd,First Digital USD,96.05,31218064837,145,13387293547.0,325042596.910496,325042596.910496,100.07,78.29,2026-10-02
decred,dcr,Decred,1766.89,31160266988,146,148342277.0,17629199.78156046,17629388.49731432,18443.33,29.25,2026-10-02
the-graph,grt,The Graph,2.81,30811915563,147,1561102470.0,10941320353.043917,11612995353.0437,206.81,1.24,2026-10-02
ousg,ousg,Ondo Short-Term U.S. Government Bond Fund,11224.28,30737186390,148,0.0,2738455.144767378,2738455.144767378,11248.65,7844.42,2026-10-02
hash-2,hash,Provenance Blockchain,0.524723,30728700053,149,677935.0,58561640302.0,94978475357.64638,5.31,0.397907,2026-10-02
apxusd,apxusd,apxUSD,95.34,30576190726,150,91648424.0,320698767.6594533,320698767.6594533,96.95,67.67,2026-10-02
starknet,strk,Starknet,4.12,30561293517,151,3130002136.0,7421949505.848546,10000000000.0,366.16,2.13,2026-10-02
gnosis,gno,Gnosis,11512.98,30395351093,152,186750105.0,2639589.0,3000000.0,47603.0,519.75,2026-10-02
optimism,op,Optimism,12.76,29316482621,153,9296349280.0,2299624975.0,4294967296.0,401.58,7.72,2026-10-02
olympus,ohm,Olympus,1955.27,29221337733,154,7097008.0,14939262.280564522,19823045.1403943,121096.0,616.08,2026-10-02
doublezero,2z,DoubleZero,5.64,28912693422,155,1275189784.0,5121498138.4,9998069891.4,79.28,4.3,2026-10-02
ethereum-name-service,ens,Ethereum Name Service,678.59,28697135429,156,1515111553.0,42267014.20143092,100000000.0,6205.48,361.17,2026-10-02
re-protocol-reusd,reusd,Re Protocol reUSD,106.16,28626130796,157,563465060.0,269640569.9245475,269440016.9245475,106.43,75.07,2026-10-02
terra-luna,lunc,Terra Luna Classic,0.00511161,28198933881,158,887532976.0,5516185130228.837,6447225803838.415,8974.09,7.733e-05,2026-10-02
jito-governance-token,jto,Jito,53.28,28125974537,159,2528367374.0,527779716.6,1000000000.0,501.19,19.7,2026-10-02
conflux-token,cfx,Conflux,5.28,27698025291,160,639546814.0,5243556444.14,5244138873.06,123.22,1.82,2026-10-02
arweave,ar,Arweave,419.35,27539816947,161,1905763973.0,65652466.0,65652466.0,6640.2,21.36,2026-10-02
syrup,syrup,Maple Finance,23.22,27093209035,162,1347133387.0,1167271959.1810675,1244677492.511099,56.23,7.31,2026-10-02
floki,floki,FLOKI,0.00272785,26303934730,163,2097281406.0,9643112692798.451,9643112692798.451,0.02877055,6.26e-06,2026-10-02
ape-and-pepe,apepe,Ape and Pepe,0.00012331,25894449113,164,1304841549.0,210000000000000.0,210000000000000.0,0.00058203,5.75e-05,2026-10-02
jasmycoin,jasmy,JasmyCoin,0.521529,25792790835,165,4541748609.0,49444999677.59027,50000000000.0,347.8,0.227783,2026-10-02
zebec-network,zbcn,Zebec Network,0.253894,25405607147,166,898097248.0,99998768825.39131,99998768825.39131,0.59785,0.058786,2026-10-02
thorchain,rune,THORChain,76.32,25078177929,167,3771259555.0,328591411.0,353908486.0,1525.95,0.601495,2026-10-02
iota,iota,IOTA,5.35,25005606614,168,1141231139.0,4673291998.0,4994922684.0,336.22,2.97,2026-10-02
dogwifcoin,wif,dogwifhat,24.56,24530953540,169,9028306508.0,998926392.0,998926392.0,402.36,0.129643,2026-10-02
eigenlayer,eigen,EigenCloud (prev. EigenLayer),25.04,24267463564,170,3506133780.0,969024551.0099299,1849558131.879467,479.53,13.79,2026-10-02
useless-3,useless,Useless Coin,24.07,24029648753,171,2785512259.0,999940362.02,999940362.02,38.58,0.446078,2026-10-02
trust-wallet-token,twt,Trust Wallet,57.0,23751948182,172,887833912.0,416649900.0,1000000000.0,224.28,0.209814,2026-10-02
compound-governance-token,comp,Compound,2357.23,23570099569,173,1704211339.0,10000000.0,10000000.0,62696.0,1374.36,2026-10-02
apenft,nft,AINFT,2.307e-05,22845329757,174,610702336.0,990105592982874.8,990105592982874.8,0.00054965,2.182e-05,2026-10-02
kaia,kaia,Kaia,3.52,22616785997,175,773992479.0,6433861143.843978,6434031770.974706,34.46,2.07,2026-10-02
kamino,kmno,Kamino,3.97,22475399986,176,951110231.0,5660274322.75,9999956783.017273,21.02,1.28,2026-10-02
crvusd,crvusd,crvUSD,96.07,22216264199,177,1615561127.0,231229495.45449078,231578327.8797028,97.04,78.57,2026-10-02
theta-token,theta,Theta Network,21.73,21733479716,178,515981149.0,1000000000.0,1000000000.0,1170.34,2.96,2026-10-02
collector-crypt,cards,Collector Crypt,24.14,21648829222,179,2042942400.0,897126447.2157571,1974159587.650464,33.67,1.87,2026-10-02
kinesis-silver,kag,Kinesis Silver,5872.76,21518535667,180,20453742.0,3664037.1286,3777096.9336,11907.44,362.2,2026-10-02
bnb48-club-token,koge,KOGE,6318.95,21358086670,181,1372660.0,3379997.6,3379997.6,13525.21,87.17,2026-10-02
axie-infinity,axs,Axie Infinity,120.78,21105026792,182,5851750324.0,174806933.00134403,270000000.0,12233.95,9.17,2026-10-02
agora-dollar,ausd,AUSD,96.11,20966663853,183,547311800.0,218148511.719908,220176012.686236,96.96,80.49,2026-10-02
frax,frax,Legacy Frax Dollar,95.41,20924770805,184,16137280.0,219310245.87260038,219310245.8726003,157.66,23.64,2026-10-02
convex-finance,cvx,Convex Finance,224.44,20914384769,185,1698769829.0,93194518.49512771,99993015.87972511,4477.35,98.19,2026-10-02
usx,usx,USX,96.09,20452937403,186,212728957.0,212858794.546464,212858794.546464,116.47,74.4,2026-10-02
safo,safo,Spiko Amundi Overnight Swap Fund,98.32,20263755127,187,0.0,206105815.48266,206105815.48266,98.53,96.08,2026-10-02
mina-protocol,mina,Mina Protocol,15.52,20098578025,188,2212499751.0,1293631019.840039,1293631019.840039,659.2,3.47,2026-10-02
decentraland,mana,Decentraland,10.12,19834051759,189,8336463995.0,1958329527.8932714,2193179327.320146,435.95,0.597438,2026-10-02
tradable-na-rent-financing-platform-sstn,pc0000031,Tradable NA Rent Financing Platform SSTN,96.14,19467389948,190,0.0,202500000.0,202500000.0,16222235239.0,85.22,2026-10-02
grx-chain,grx,GRX Chain,2034.67,19355047896,191,322746966.0,9512395.0,9998039.0,2054.34,78.61,2026-10-02
stonk-3,stonk,STONK,23.97,19329817801,192,2178469978.0,805851858.9775287,805809476.2756808,38.43,0.166157,2026-10-02
zama,zama,Zama,7.56,19263936340,193,1145815697.0,2547018659.2069583,11313374436.93133,10.27,1.52,2026-10-02
akash-network,akt,Akash Network,64.57,19257018676,194,676890639.0,298333532.538285,298407950.362244,593.39,13.49,2026-10-02
bedrock-token,br,Bedrock,64.49,19131657691,195,397056401.0,296666666.0,1000000000.0,129.55,3.35,2026-10-02
the-sandbox,sand,The Sandbox,6.35,18645593843,196,24437230775.0,2937639702.3733225,3000000000.0,625.46,2.16,2026-10-02
shuffle-2,shfl,Shuffle,37.46,18200688825,197,280038017.0,485742073.23611915,920031317.540615,68.95,11.99,2026-10-02
origintrail,trac,OriginTrail,40.71,18151338847,198,2511004272.0,447274118.0,500000000.0,261.16,0.290873,2026-10-02
societe-generale-forge-eurcv,eurcv,EUR CoinVertible,108.02,18123052451,200,3330557358.0,167780470.33,167780470.33,112.96,85.24,2026-10-02
chain-2,xcn,Onyxcoin,0.458456,18120520701,199,600541602.0,39531614357.44513,53402422627.324425,14.28,0.058676,2026-10-02
fartcoin,fartcoin,Fartcoin,17.92,17919472629,201,3490967962.0,999917449.660277,999917448.811872,214.63,1.68,2026-10-02
neo,neo,NEO,251.57,17755016082,202,702000308.0,70530000.0,100000000.0,12603.37,5.22,2026-10-02
usa,usat,USAT,96.07,17610983449,203,35019543.0,183317585.5,183317585.5,96.94,90.01,2026-10-02
non-playable-coin,npc,Non-Playable Coin,2.17,17433279176,204,282924721.0,8050126520.0,8050126520.0,5.58,0.00378388,2026-10-02
railgun,rail,Railgun,287.24,17244379876,205,164025073.0,60000000.0,60000000.0,502.01,18.58,2026-10-02
meteora,met,Meteora,30.54,17023430246,206,1640497405.0,557348007.059353,997732329.661307,60.33,9.01,2026-10-02
chiliz,chz,Chiliz,1.61,16965549973,207,2306897045.0,10544199836.0,10544199836.0,63.87,0.290329,2026-10-02
edgex,edge,edgeX,47.98,16847318057,208,290130887.0,350000000.0,1000000000.0,148.31,22.61,2026-10-02
build-on,b,BUILDon,16.85,16845015442,209,355168926.0,1000000000.0,1000000000.0,73.03,7.36,2026-10-02
cash-cat,cashcat,Cash Cat,16.93,16733650823,210,1284913094.0,987874689.0836214,987874689.0836214,29.74,0.152663,2026-10-02
swissborg,borg,SwissBorg,17.02,16702728824,211,38032676.0,981352443.442,981352443.442,120.97,0.34615,2026-10-02
mx-token,mx,MX,180.22,16550621433,212,533327858.0,91837334.0,409024834.0,487.24,3.02,2026-10-02
apyusd,apyusd,apyUSD,135.29,16365764101,213,35494151.0,120969184.20119697,120969184.2011969,448231.0,91.93,2026-10-02
vision-3,vsn,Vision,4.28,16223888299,214,181220423.0,3795329717.884494,4200000000.0,19.64,2.71,2026-10-02
spiko-us-t-bills-money-market-fund,ustbl,Spiko US T-Bills Money Market Fund,105.53,15950159166,215,0.0,151136231.35884,151136231.35884,105.78,84.8,2026-10-02
ecash,xec,eCash,0.00078875,15847312916,216,477751772.0,20091376547580.0,20091448422580.0,0.02773893,0.00045307,2026-10-02
vaulta,a,Vaulta,9.39,15688997103,217,582960379.0,1670664289.8397,2100000000.0,66.55,5.47,2026-10-02
immutable-x,imx,Immutable,17.31,15664697577,218,1386283483.0,904472049.1198142,2000000000.0,709.31,9.07,2026-10-02
tradable-apac-diversified-finance-provider-sstn,pc0000033,Tradable APAC Diversified Finance Provider SSTN,96.14,15621979588,219,0.0,162500000.0,162500000.0,96.9,85.32,2026-10-02
coco-2,coco,coco,15.54,15546795525,220,3441534.0,1000000000.0,1000000000.0,33.53,0.169562,2026-10-02
btse-token,btse,BTSE Token,95.06,15402377051,222,18859359.0,162061501.0,200000000.0,702.29,5.49,2026-10-02
apecoin,ape,ApeCoin,15.36,15372112106,221,1726048770.0,1000000000.0,1000000000.0,2044.73,7.58,2026-10-02
gmt-token,gomining,GoMining Token,38.02,15314027836,223,1675562725.0,402942408.6324701,402942408.6324701,48.04,5.65,2026-10-02
strategy-pp-variable-xstock,strcx,Strategy PP Variable xStock,10287.54,15049309429,224,21673753.0,1462833.5989318092,2865706.968146418,13368.79,6911.7,2026-10-02
artificial-inu-3,ai,Artificial Inu,15.06,14947347248,225,2463188790.0,991203789.8409551,991203789.8409551,36.93,0.101507,2026-10-02
sonic-3,s,Sonic,3.79,14752340423,226,2799674188.0,3885497663.0,3885497663.0,88.3,1.8,2026-10-02
sentient,sent,Sentient,2.04,14735491145,227,495517844.0,7237882055.0,34359738368.0,4.41,1.081,2026-10-02
safepal,sfp,SafePal,29.44,14716162605,228,119290107.0,500000000.0,500000000.0,305.14,18.97,2026-10-02
ultima,ultima,Ultima,172009.0,14564619937,229,807503847.0,84708.0,100000.0,1983633.0,149979.0,2026-10-02
aioz-network,aioz,AIOZ Network,11.27,14454368272,230,759425154.0,1281464390.6843812,1281747105.53341,194.51,0.912215,2026-10-02
humanity,h,Humanity,6.79,14408205599,231,210856712.0,2120466197.4329996,10000000000.0,81.26,1.55,2026-10-02
gusd,gusd,GUSD,95.96,14374304122,232,165333986.0,149790000.0,320000000.0,96.84,86.82,2026-10-02
1inch,1inch,1INCH,10.09,14179856033,234,826694679.0,1405573965.7275033,1499999999.997,648.39,6.14,2026-10-02
havven,snx,Synthetix,24.4,14176516563,233,776472987.0,580980590.4572881,581404223.5556631,2071.19,2.42,2026-10-02
superfarm,super,SuperVerse,21.66,14104916713,235,4340406717.0,650164549.0,1000000000.0,347.99,5.86,2026-10-02
zksync,zk,ZKsync,1.3,14082084728,237,2744215551.0,10816539153.0,21000000000.0,26.81,0.679631,2026-10-02
basic-attention-token,bat,Basic Attention,9.39,14050359413,236,898279279.0,1495724656.9526057,1500000000.0,142.64,4.66,2026-10-02
stp-network,awe,AWE Network,7.11,13807065998,238,135931283.0,1942420282.5203903,1942420282.5203903,20.2,0.456977,2026-10-02
elrond-erd-2,egld,MultiversX,444.24,13714126765,239,315140591.0,30870098.0,30870098.0,40604.0,229.12,2026-10-02
celium,sn51,lium,2807.34,13498445856,240,164662989.0,4808160.989188657,4808160.989188657,3198.81,15.44,2026-10-02
circle-internet-group-bstock,crclb,Circle Internet Group (bStocks Tokenized Stock),8160.74,13117083043,241,2551883537.0,1607301.13533291,1608067.80784469,9975.39,5544.88,2026-10-02
dgrid-ai,dgai,DGrid AI,87.22,13084332546,242,1881393962.0,149999999.99900007,1000000000.0,108.97,34.88,2026-10-02
instadapp,fluid,Fluid,155.8,13043233036,243,237696199.0,83696996.82034639,100000000.0,1799.83,30.33,2026-10-02
meta-2-2,meta,MetaDAO,574.4,13030572500,244,165072893.0,22684686.324871,22684686.324871,972.68,63.37,2026-10-02
jpycoin,jpyc,JPY Coin,0.60628,12904856352,245,93949516.0,21285482436.95474,21285482436.95474,2.06,0.502014,2026-10-02
chutes,sn64,Chutes,2118.29,12862108416,246,53869834.0,6071789.116320483,6071789.116320483,8937.54,32.35,2026-10-02
zencash,zen,Horizen,690.22,12708565820,247,1179426518.0,18406455.728282973,21000000.0,12160.33,216.39,2026-10-02
cash-4,cash,CASH,96.09,12644883661,248,1051968541.0,131588435.784776,131588435.784776,96.92,86.47,2026-10-02
soon-2,soon,SOON,37.13,12622723198,249,6980450983.0,339791742.36,11010339693.50892,381.39,9.33,2026-10-02
golem,glm,Golem,12.54,12540741325,250,167020733.0,1000000000.0,1000000000.0,86.4,0.613205,2026-10-02
bitcoin,btc,Bitcoin,8295633.0,166696360627599,1,3783282025507.0,20092375.0,20092384.0,11187013.0,3993.42,2026-10-02
ethereum,eth,Ethereum,263705.0,32200380712378,2,1511559056424.0,122098689.50213154,122098689.5021315,431946.0,28.13,2026-10-02
tether,usdt,Tether,96.11,17691123937520,3,6981507016527.0,184057713983.93323,189524660047.5562,105.52,36.86,2026-10-02
binancecoin,bnb,BNB,74592.0,9932999719227,4,78971084291.0,133159312.52,133159303.71,121422.0,2.58,2026-10-02
ripple,xrp,XRP,147.99,9336850458159,5,286124857114.0,63092975951.0,99985612577.0,313.99,0.159343,2026-10-02
usd-coin,usdc,USDC,96.12,7113629333945,6,2144570932988.0,74003236641.03654,73996647926.85109,96.99,65.31,2026-10-02
solana,sol,Solana,11720.38,6893001696407,7,422689211517.0,588075337.5285048,635073002.6600933,25396.0,38.03,2026-10-02
tron,trx,TRON,32.2,3058051494387,8,35957053027.0,94976612551.81999,94977910377.9578,36.53,0.117589,2026-10-02
figure-heloc,figr_heloc,Figure Heloc,98.27,2299410853358,9,1574162136.0,23399762227.818,23399762227.818,101.84,13.78,2026-10-02
zcash,zec,Zcash,132846.0,2253828713280,10,119611059681.0,16960081.4155448,16964023.6030448,211171.0,1342.38,2026-10-02
hyperliquid,hype,Hyperliquid,8742.11,1945012499753,11,88798706726.0,222445714.07414138,955307079.4341414,9368.5,321.88,2026-10-02
dogecoin,doge,Dogecoin,9.29,1451045221284,12,82837256053.0,156154276383.7052,156156346383.7052,53.62,0.00552883,2026-10-02
chainlink,link,Chainlink,1384.76,1036000369273,13,47098120648.0,748099970.424884,1000000000.0,3862.15,9.55,2026-10-02
monero,xmr,Monero,52427.0,986870944032,14,11691455120.0,18812242.250365086,18812287.84977191,72026.0,13.57,2026-10-02
whitebit,wbt,WhiteBIT Coin,8268.66,982495290604,15,11470372350.0,118819745.0,293389244.0,8421.2,245.71,2026-10-02
usds,usds,USDS,96.11,955928035903,16,24812177711.0,9946471845.618187,9952236860.552437,96.98,79.67,2026-10-02
cardano,ada,Cardano,24.62,924136220891,17,54273675212.0,37541298084.960144,45000000000.0,225.26,1.38,2026-10-02
rain,rain,Rain,1.12,794151721907,18,2288942546.0,709250252593.093,1142408526965.963,1.85,0.196087,2026-10-02
leo-token,leo,LEO Token,861.88,792818174464,19,27882071.0,919857851.9,985239504.0,1008.66,56.97,2026-10-02
stellar,xlm,Stellar,21.63,758090527215,20,22965683166.0,35040040738.21158,50001786839.69947,55.54,0.02966141,2026-10-02
near,near,NEAR Protocol,469.7,614026484409,21,122067764021.0,1307873756.0,1307873762.0,1518.16,39.17,2026-10-02
bitcoin-cash,bch,Bitcoin Cash,30421.0,611619735700,22,23123630553.0,20097324.89665076,20097340.52165076,242198.0,5536.54,2026-10-02
uniswap,uni,Uniswap,868.29,542946884353,23,59348141480.0,625268422.6104751,887516418.9163101,3333.06,75.81,2026-10-02
litecoin,ltc,Litecoin,6703.47,520568275919,24,36529332131.0,77670260.8217404,77673160.8296346,30082.0,72.12,2026-10-02
avalanche-2,avax,Avalanche,1072.45,475335055467,25,44769093753.0,443176938.9007337,469845805.7289045,10772.35,204.63,2026-10-02
ethena-usde,usde,Ethena USDe,96.11,471380778519,26,3405084682.0,4904466489.662967,4904560353.720665,96.98,78.05,2026-10-02
canton-network,cc,Canton,11.74,467127844223,27,1719105208.0,39740505152.82366,39741422195.69073,17.72,5.31,2026-10-02
sui,sui,Sui,113.1,465878001592,28,76750132664.0,4118270447.6403894,10000000000.0,458.6,30.36,2026-10-02
hedera-hashgraph,hbar,Hedera,10.11,445362129976,29,16420457189.0,43997753975.857605,50000000000.0,41.81,0.703644,2026-10-02
dai,dai,Dai,96.13,440983928584,30,39246595266.0,4587545593.367843,4619754252.040674,104.44,64.85,2026-10-02
usd1-wlfi,usd1,USD1,96.09,424572982041,31,101218085750.0,4418501460.431535,4418501460.431535,100.02,83.75,2026-10-02
the-open-network,gram,Gram (prev. Toncoin),149.43,421134247701,32,5212625160.0,2818047357.4327154,5259203527.005715,689.6,38.25,2026-10-02
bitway,btw,Bitway,138.5,374932907418,33,2585167333.0,2708142280.000001,10000000000.0,142.76,0.842049,2026-10-02
bittensor,tao,Bittensor,29839.0,338409771404,34,22744473190.0,11339645.9251,21000000.0,62722.0,2535.93,2026-10-02
shiba-inu,shib,Shiba Inu,0.00056663,333867886914,35,9828570345.0,589238865672620.0,589496063961009.6,0.00645756,4.169e-09,2026-10-02
crypto-com-chain,cro,Cronos,6.67,332021644577,36,1342527333.0,49756600083.77772,98956583198.19203,66.37,0.864137,2026-10-02
tether-gold,xaut,Tether Gold,401957.0,325192532114,37,21157198472.0,808994.63,827417.63,506656.0,108167.0,2026-10-02
quant-network,qnt,Quant,22222.0,323171580912,38,42518647695.0,14544176.164081175,14612493.0,34322.0,15.06,2026-10-02
global-dollar,usdg,Global Dollar,96.14,305114994254,39,83230839604.0,3173645165.517037,3173745134.336116,143.35,76.61,2026-10-02
paypal-usd,pyusd,PayPal USD,96.14,275510107991,40,10610160767.0,2865863495.4876432,2865863495.487643,96.97,80.95,2026-10-02
aave,aave,Aave,17739.92,273978087795,41,67135454610.0,15434997.596186722,16000000.0,48387.0,1933.39,2026-10-02
pump-fun,pump,Pump.fun,0.561295,261073933249,42,57559059792.0,464927020902.7715,830430241087.0863,0.77853,0.10906,2026-10-02
okb,okb,OKB,11747.52,246796385340,43,2150241530.0,21000000.0,21000000.0,20297.0,40.86,2026-10-02
ripple-usd,rlusd,Ripple USD,96.14,241281505070,44,24133045763.0,2509774082.0172095,2508918019.017206,97.01,81.72,2026-10-02
ethena,ena,Ethena,23.76,240014865902,45,56583501207.0,10095312500.0,15000000000.0,126.48,6.64,2026-10-02
ondo-finance,ondo,Ondo,48.89,237995679994,46,24467044425.0,4869330647.0,10000000000.0,181.52,6.83,2026-10-02
hashnote-usyc,usyc,Circle USYC,109.5,231253954359,47,0.0,2111916940.477755,2111916940.477755,109.75,86.89,2026-10-02
memecore,m,MemeCore,101.1,230612866291,48,116249198.0,2281725727.615356,5420700053.399432,536.04,4.05,2026-10-02
ondo-us-dollar-yield,usdy,Ondo US Dollar Yield,110.14,218814434959,49,351283716.0,1986442681.7572312,1989145747.758101,110.7,77.42,2026-10-02
blackrock-usd-institutional-digital-liquidity-fund,buidl,BlackRock USD Institutional Digital Liquidity Fund,96.14,217520128086,50,0.0,2262646716.187649,2262646716.187649,96.9,83.81,2026-10-02
mantle,mnt,Mantle,64.91,214351997892,51,3102689956.0,3302003382.53684,6219316794.889999,253.43,25.64,2026-10-02
sky,sky,Sky,8.53,200058288206,52,3654446255.0,23422717430.57867,23459804203.60596,8.76,3.12,2026-10-02
polkadot,dot,Polkadot,117.21,199907666844,53,16744438916.0,1705455554.8948014,1705473292.618701,4095.22,69.59,2026-10-02
worldcoin-wld,wld,Worldcoin,51.78,196198283643,54,48338215607.0,3793753211.141162,10000000000.0,971.56,22.02,2026-10-02
aster-2,aster,Aster,71.86,194733828463,55,10651352565.0,2710487455.6497307,7795741639.234234,213.7,8.76,2026-10-02
pepe,pepe,Pepe,0.00043572,183490454592,56,39775461403.0,420690000000000.0,420690000000000.0,0.00237833,4.52e-06,2026-10-02
morpho,morpho,Morpho,254.01,177797796180,57,3537626407.0,699903176.1561837,1000000000.0,361.23,60.2,2026-10-02
pax-gold,paxg,PAX Gold,402362.0,175076960056,58,13530272046.0,435070.590539,435070.590539,516779.0,100361.0,2026-10-02
internet-computer,icp,Internet Computer,313.78,174798786844,59,5540563146.0,557007092.9153376,557007382.8045111,51433.0,183.62,2026-10-02
world-liberty-financial,wlfi,World Liberty Financial,5.38,170825816488,60,3300906447.0,31778337976.0,100000000000.0,29.22,4.61,2026-10-02
falcon-finance,usdf,Falcon USD,95.75,149533593711,61,29851618.0,1561607327.2652395,1609990603.515033,96.82,80.47,2026-10-02
htx-dao,htx,HTX DAO,0.00016424,147445924299,62,7441990651.0,898232728634017.2,898232728634017.2,0.00031771,6.739e-05,2026-10-02
usdd,usdd,USDD,96.1,145606932997,63,337133020.0,1515152604.0,1514900269.0,118.56,72.35,2026-10-02
united-stables,u,United Stables,96.06,144243546454,64,14086820446.0,1501671534.63,1525661534.63,96.99,86.73,2026-10-02
spiko-amundi-overnight-swap-fund-eur,eursafo,Spiko Amundi Overnight Swap Fund (EUR),109.53,143276878662,65,0.0,1308054511.7182,1308054511.7182,113.39,109.49,2026-10-02
venice-token,vvv,Venice Token,2894.0,139870857963,66,5335594215.0,48289140.551073596,81087174.98963824,3309.14,82.42,2026-10-02
ethereum-classic,etc,Ethereum Classic,880.14,139358034690,67,6418894868.0,158350715.60090342,158351899.3317548,12296.58,41.44,2026-10-02
bitget-token,bgb,Bitget Token,192.23,134574639413,68,1175392442.0,699992029.6481037,910920874.6481038,722.65,1.081,2026-10-02
arbitrum,arb,Arbitrum,19.63,133207431668,69,18674161832.0,6785574605.0,10000000000.0,198.19,6.65,2026-10-02
bfusd,bfusd,BFUSD,96.07,126809534463,70,155337205.0,1320000000.0,1320000000.0,96.89,86.85,2026-10-02
usdgo,usdgo,USDGO,96.14,114859418964,71,7108510918.0,1194633292.97,1194633292.97,97.01,91.54,2026-10-02
gatechain-token,gt,Gate,1072.4,114371773056,72,110323891.0,106648130.11937457,118899493.00505702,2187.52,19.44,2026-10-02
kaspa,kas,Kaspa,4.12,114153572803,73,2242537982.0,27732249762.74345,27733651623.79915,17.36,0.01327337,2026-10-02
algorand,algo,Algorand,12.53,113572213994,74,16938523219.0,9058106367.9364,9062251796.444874,247.29,7.25,2026-10-02
polygon-ecosystem-token,pol,POL (ex-MATIC),10.52,111806107841,75,7876407476.0,10624572016.540514,10624572016.540512,106.68,6.41,2026-10-02
jupiter-exchange-solana,jup,Jupiter,31.67,105141793085,76,7956473793.0,3319369204.37,6861486492.127128,166.05,12.3,2026-10-02
just,jst,JUST,12.31,100892294373,77,2213692534.0,8188743036.341737,8188743036.341737,14.19,0.359754,2026-10-02
kucoin-shares,kcs,KuCoin,714.81,99834456996,78,933275343.0,139655021.2773955,142155021.2773955,2158.41,24.48,2026-10-02
render-token,render,Render,189.64,98387302795,79,5134850647.0,518776241.28269154,533536414.5626915,1121.89,2.79,2026-10-02
pi-network,pi,Pi Network,8.67,97445627707,80,469025659.0,11243022455.380999,17296957623.66307,260.4,6.77,2026-10-02
blockchain-capital,bcap,Blockchain Capital,10337.42,94195758589,81,0.0,9112111.0,9112111.0,10360.96,1516.02,2026-10-02
lighter,lit,Lighter,365.56,91399958793,82,9182561088.0,250000000.0,1000000000.0,705.52,73.21,2026-10-02
cosmos,atom,Cosmos Hub,167.12,89208637591,83,4115084898.0,533769512.358817,533791855.241772,3233.07,87.61,2026-10-02
nexo,nexo,NEXO,83.19,83171701857,84,309910721.0,1000000000.0,1000000000.0,298.99,3.25,2026-10-02
filecoin,fil,Filecoin,99.24,82695898234,85,12463880277.0,833303530.0,1957017008.0,17367.85,58.59,2026-10-02
pancakeswap-token,cake,PancakeSwap,248.76,82265111647,86,6205696405.0,330679794.05459136,342286106.3820742,3259.75,14.48,2026-10-02
aerodrome-finance,aero,Aerodrome Finance,76.38,76392943001,87,5315068218.0,999990292.4328847,1992844978.458703,196.44,0.0015484,2026-10-02
vechain,vet,VeChain,0.860079,73928947521,88,988874591.0,85985041177.0,85985041177.0,20.95,0.144791,2026-10-02
dash,dash,Dash,5737.63,73733799901,89,9420524983.0,12850774.70616871,12851086.78132121,95552.0,13.82,2026-10-02
stable-2,stable,​​Stable,2.72,72948725276,90,755108332.0,26842993141.0,100000000000.0,4.14,0.827533,2026-10-02
injective-protocol,inj,Injective,723.8,72406195280,91,10560375463.0,100000000.0,100000000.0,4364.19,49.02,2026-10-02
superstate-short-duration-us-government-securities-fund-ustb,ustb,Invesco Short Duration US Government Securities Fund,1079.59,72091109787,92,0.0,66776370.813419,66670756.869989,1082.05,876.83,2026-10-02
akedo,ake,Akedo,3.13,71205359107,93,713253347.0,22796250000.0,100000000000.0,14.08,0.01659934,2026-10-02
midnight-3,night,Midnight,4.28,71038013720,94,9208249588.0,16607399400.634954,24000000000.0,10.66,1.47,2026-10-02
aptos,apt,Aptos,78.9,68720611774,95,7138120134.0,871107277.2034705,1209551814.899507,1622.34,48.75,2026-10-02
ether-fi,ethfi,Ether.fi,70.72,68284983645,96,4884667414.0,965350000.0,965350000.0,711.06,25.42,2026-10-02
gho,gho,GHO,96.06,67145605354,97,379284206.0,699000000.0,699000000.0,96.87,76.18,2026-10-02
blockstack,stx,Stacks,35.47,66307592876,98,5421266254.0,1871098180.301809,1871108880.301809,322.23,3.44,2026-10-02
eutbl,eutbl,Spiko EU T-Bills Money Market Fund,114.51,66007690947,99,0.0,576412363.55825,555742361.39701,118.61,84.72,2026-10-02
xdce-crowd-sale,xdc,XDC Network,3.26,65076985950,100,1706005616.0,19946688440.0,38065686425.1,14.32,0.02721364,2026-10-02
open-usd,ousd,Open USD,96.11,64251352584,101,363979133.0,668499643.93,668499643.93,96.33,95.85,2026-10-02
layerzero,zro,LayerZero,177.19,62551935066,102,16691862219.0,353313325.89,1000000000.0,632.92,67.47,2026-10-02
flare-networks,flr,Flare,0.710749,61885589463,103,333551519.0,87061365438.15585,106669998817.8837,12.35,0.558382,2026-10-02
pudgy-penguins,pengu,Pudgy Penguins,0.953189,59941728424,104,22772812103.0,62860396090.0,76722799736.77728,5.81,0.320882,2026-10-02
pyth-network,pyth,Pyth Network,7.4,58301031836,105,2058684308.0,7874959274.621841,10000000000.0,99.17,2.82,2026-10-02
official-trump,trump,Official Trump,204.81,57719445501,106,21194787905.0,281867936.287634,1000000000.0,6357.94,130.72,2026-10-02
curve-dao-token,crv,Curve DAO,36.6,57500243592,107,6953771677.0,1570769938.0,2422754823.966288,1150.14,15.17,2026-10-02
janus-henderson-anemoy-aaa-clo-fund,jaaa,Janus Henderson Anemoy AAA CLO Fund,100.99,56241373851,108,0.0,556927498.378853,556927498.378853,101.2,89.64,2026-10-02
beldex,bdx,Beldex,7.08,55719363366,109,220435317.0,7870994979.676834,9939718245.38,32.42,0.01949843,2026-10-02
usual-usd,usd0,Usual USD,96.02,52497803399,110,13749864.0,546721152.8882058,546721152.8882058,110.74,81.88,2026-10-02
fetch-ai,fet,Artificial Superintelligence Alliance,22.33,51699111626,111,15007782326.0,2311508384.055814,2714384546.672,287.87,0.616804,2026-10-02
virtual-protocol,virtual,Virtuals Protocol,78.22,51512951577,112,8090039697.0,658385841.8252224,1000000000.0,434.45,0.622571,2026-10-02
kinesis-gold,kau,Kinesis Gold,12919.85,51502114574,113,6876020.0,3986181.4592,2386227.8342,18851.55,3614.27,2026-10-02
raydium,ray,Raydium,187.63,50650690128,114,4282586548.0,269863602.195736,555000000.0,1237.65,11.13,2026-10-02
ylds,ylds,YLDS,96.12,49873831828,116,5772104403.0,518877158.33,518877158.33,96.99,87.62,2026-10-02
bianrensheng,币安人生,币安人生 (BinanceLife),49.82,49848789629,115,421485471.0,1000000000.0,1000000000.0,85.28,3.63,2026-10-02
true-usd,tusd,TrueUSD,96.12,47535913604,117,1322186763.0,494515083.0,494515083.0,112.93,64.32,2026-10-02
usdtb,usdtb,USDtb,96.13,47364974344,118,9176080.0,492725712.6561826,492725712.6561826,96.91,77.41,2026-10-02
sei-network,sei,Sei,6.91,46553621753,119,6651688771.0,6733333333.0,10000000000.0,94.47,3.66,2026-10-02
grass,grass,Grass,66.0,46194070910,120,4160803533.0,699492325.0,1000000000.0,328.41,15.07,2026-10-02
euro-coin,eurc,EURC,108.02,45513334508,121,4208665172.0,421327668.5739902,423422760.8925712,112.72,4.35,2026-10-02
a7a5,a7a5,A7A5,1.13,44277225858,122,104380.0,39237341548.10074,39237548476.40073,20.14,0.00091492,2026-10-02
celestia,tia,Celestia,45.27,44135412417,123,8052803417.0,975886836.253246,1178464142.022703,1730.96,25.29,2026-10-02
plasma,xpl,Plasma,9.51,42998057703,124,5663606816.0,4533333333.3333,10000000000.0,149.21,5.75,2026-10-02
pendle,pendle,Pendle,234.96,40810002221,125,6109727485.0,173632510.94553822,281527448.4585314,625.59,2.73,2026-10-02
spx6900,spx,SPX6900,43.25,40277338591,126,630804141.0,930987187.3299134,930987187.3299134,196.84,0.109402,2026-10-02
bitcoin-cash-sv,bsv,Bitcoin SV,1927.39,38669489738,128,288130498.0,20091403.125,20091600.0,36495.0,990.23,2026-10-02
derive,drv,Derive,38.72,38652067760,127,1962479811.0,999651632.5499792,1500000000.0,48.85,1.068,2026-10-02
falcon-finance-ff,ff,Falcon Finance,11.54,38588731186,129,532067080.0,3343055555.0,10000000000.0,68.38,5.45,2026-10-02
monad,mon,Monad,3.23,38176897882,130,8942058427.0,11825165000.0,100682925000.0,4.36,1.48,2026-10-02
pieverse,pieverse,Pieverse,133.28,36623684990,131,295792165.0,274750000.0,1000000000.0,190.03,10.59,2026-10-02
lido-dao,ldo,Lido DAO,43.87,36394071683,132,5376512400.0,829567764.2043006,1000000000.0,543.56,22.2,2026-10-02
pearl-2,prl,Pearl,109.53,36388468492,133,376528245.0,332203113.3482476,2100000000.0,168.19,13.51,2026-10-02
bittorrent,btt,BitTorrent,3.609e-05,35616311640,134,1126999545.0,987037885840674.8,990000000000000.0,0.00025579,2.414e-05,2026-10-02
kite-2,kite,Kite,14.43,34504623985,135,1979844007.0,2391196012.0,10000000000.0,29.33,5.48,2026-10-02
pons,pons,Pons,50.52,34437653765,136,3577054137.0,681724299.1597174,681752147.7628574,91.7,0.319844,2026-10-02
tezos,xtz,Tezos,30.98,34008315002,137,833481612.0,1097687388.67757,1117657821.685754,676.89,18.29,2026-10-02
unibase,ub,Unibase,13.34,33350896338,138,1022464221.0,2500000000.0,10000000000.0,23.38,0.909123,2026-10-02
usdai,usdai,USDai,96.18,33275202110,139,256426047.0,345955902.66272795,346405645.4552136,104.92,68.25,2026-10-02
bonk,bonk,Bonk,0.00037585,33048405489,140,4883896489.0,87994374942476.2,87994374942476.2,0.00491619,7.14e-06,2026-10-02
backpack,bp,Backpack,130.95,32747157289,141,2164867653.0,250000000.0,1000000000.0,158.08,11.24,2026-10-02
sofiusd,sofid,SoFiUSD,95.98,31749357867,142,1147550709.0,330808795.21,330808795.21,96.82,94.14,2026-10-02
sun-token,sun,Sun Token,1.64,31600909927,143,1314574657.0,19222181989.37517,19900730000.0,4880.96,0.374246,2026-10-02
janus-henderson-anemoy-treasury-fund,jtrsy,Janus Henderson Anemoy Treasury Fund,107.47,31360310747,144,0.0,291807107.730094,291807107.730094,107.7,95.98,2026-10-02
first-digital-usd,fdusd,First Digital USD,96.05,31218064837,145,13387293547.0,325042596.910496,325042596.910496,100.07,78.29,2026-10-02
decred,dcr,Decred,1766.89,31160266988,146,148342277.0,17629199.78156046,17629388.49731432,18443.33,29.25,2026-10-02
the-graph,grt,The Graph,2.81,30811915563,147,1561102470.0,10941320353.043917,11612995353.0437,206.81,1.24,2026-10-02
ousg,ousg,Ondo Short-Term U.S. Government Bond Fund,11224.28,30737186390,148,0.0,2738455.144767378,2738455.144767378,11248.65,7844.42,2026-10-02
hash-2,hash,Provenance Blockchain,0.524723,30728700053,149,677935.0,58561640302.0,94978475357.64638,5.31,0.397907,2026-10-02
apxusd,apxusd,apxUSD,95.34,30576190726,150,91648424.0,320698767.6594533,320698767.6594533,96.95,67.67,2026-10-02
starknet,strk,Starknet,4.12,30561293517,151,3130002136.0,7421949505.848546,10000000000.0,366.16,2.13,2026-10-02
gnosis,gno,Gnosis,11512.98,30395351093,152,186750105.0,2639589.0,3000000.0,47603.0,519.75,2026-10-02
optimism,op,Optimism,12.76,29316482621,153,9296349280.0,2299624975.0,4294967296.0,401.58,7.72,2026-10-02
olympus,ohm,Olympus,1955.27,29221337733,154,7097008.0,14939262.280564522,19823045.1403943,121096.0,616.08,2026-10-02
doublezero,2z,DoubleZero,5.64,28912693422,155,1275189784.0,5121498138.4,9998069891.4,79.28,4.3,2026-10-02
ethereum-name-service,ens,Ethereum Name Service,678.59,28697135429,156,1515111553.0,42267014.20143092,100000000.0,6205.48,361.17,2026-10-02
re-protocol-reusd,reusd,Re Protocol reUSD,106.16,28626130796,157,563465060.0,269640569.9245475,269440016.9245475,106.43,75.07,2026-10-02
terra-luna,lunc,Terra Luna Classic,0.00511161,28198933881,158,887532976.0,5516185130228.837,6447225803838.415,8974.09,7.733e-05,2026-10-02
jito-governance-token,jto,Jito,53.28,28125974537,159,2528367374.0,527779716.6,1000000000.0,501.19,19.7,2026-10-02
conflux-token,cfx,Conflux,5.28,27698025291,160,639546814.0,5243556444.14,5244138873.06,123.22,1.82,2026-10-02
arweave,ar,Arweave,419.35,27539816947,161,1905763973.0,65652466.0,65652466.0,6640.2,21.36,2026-10-02
syrup,syrup,Maple Finance,23.22,27093209035,162,1347133387.0,1167271959.1810675,1244677492.511099,56.23,7.31,2026-10-02
floki,floki,FLOKI,0.00272785,26303934730,163,2097281406.0,9643112692798.451,9643112692798.451,0.02877055,6.26e-06,2026-10-02
ape-and-pepe,apepe,Ape and Pepe,0.00012331,25894449113,164,1304841549.0,210000000000000.0,210000000000000.0,0.00058203,5.75e-05,2026-10-02
jasmycoin,jasmy,JasmyCoin,0.521529,25792790835,165,4541748609.0,49444999677.59027,50000000000.0,347.8,0.227783,2026-10-02
zebec-network,zbcn,Zebec Network,0.253894,25405607147,166,898097248.0,99998768825.39131,99998768825.39131,0.59785,0.058786,2026-10-02
thorchain,rune,THORChain,76.32,25078177929,167,3771259555.0,328591411.0,353908486.0,1525.95,0.601495,2026-10-02
iota,iota,IOTA,5.35,25005606614,168,1141231139.0,4673291998.0,4994922684.0,336.22,2.97,2026-10-02
dogwifcoin,wif,dogwifhat,24.56,24530953540,169,9028306508.0,998926392.0,998926392.0,402.36,0.129643,2026-10-02
eigenlayer,eigen,EigenCloud (prev. EigenLayer),25.04,24267463564,170,3506133780.0,969024551.0099299,1849558131.879467,479.53,13.79,2026-10-02
useless-3,useless,Useless Coin,24.07,24029648753,171,2785512259.0,999940362.02,999940362.02,38.58,0.446078,2026-10-02
trust-wallet-token,twt,Trust Wallet,57.0,23751948182,172,887833912.0,416649900.0,1000000000.0,224.28,0.209814,2026-10-02
compound-governance-token,comp,Compound,2357.23,23570099569,173,1704211339.0,10000000.0,10000000.0,62696.0,1374.36,2026-10-02
apenft,nft,AINFT,2.307e-05,22845329757,174,610702336.0,990105592982874.8,990105592982874.8,0.00054965,2.182e-05,2026-10-02
kaia,kaia,Kaia,3.52,22616785997,175,773992479.0,6433861143.843978,6434031770.974706,34.46,2.07,2026-10-02
kamino,kmno,Kamino,3.97,22475399986,176,951110231.0,5660274322.75,9999956783.017273,21.02,1.28,2026-10-02
crvusd,crvusd,crvUSD,96.07,22216264199,177,1615561127.0,231229495.45449078,231578327.8797028,97.04,78.57,2026-10-02
theta-token,theta,Theta Network,21.73,21733479716,178,515981149.0,1000000000.0,1000000000.0,1170.34,2.96,2026-10-02
collector-crypt,cards,Collector Crypt,24.14,21648829222,179,2042942400.0,897126447.2157571,1974159587.650464,33.67,1.87,2026-10-02
kinesis-silver,kag,Kinesis Silver,5872.76,21518535667,180,20453742.0,3664037.1286,3777096.9336,11907.44,362.2,2026-10-02
bnb48-club-token,koge,KOGE,6318.95,21358086670,181,1372660.0,3379997.6,3379997.6,13525.21,87.17,2026-10-02
axie-infinity,axs,Axie Infinity,120.78,21105026792,182,5851750324.0,174806933.00134403,270000000.0,12233.95,9.17,2026-10-02
agora-dollar,ausd,AUSD,96.11,20966663853,183,547311800.0,218148511.719908,220176012.686236,96.96,80.49,2026-10-02
frax,frax,Legacy Frax Dollar,95.41,20924770805,184,16137280.0,219310245.87260038,219310245.8726003,157.66,23.64,2026-10-02
convex-finance,cvx,Convex Finance,224.44,20914384769,185,1698769829.0,93194518.49512771,99993015.87972511,4477.35,98.19,2026-10-02
usx,usx,USX,96.09,20452937403,186,212728957.0,212858794.546464,212858794.546464,116.47,74.4,2026-10-02
safo,safo,Spiko Amundi Overnight Swap Fund,98.32,20263755127,187,0.0,206105815.48266,206105815.48266,98.53,96.08,2026-10-02
mina-protocol,mina,Mina Protocol,15.52,20098578025,188,2212499751.0,1293631019.840039,1293631019.840039,659.2,3.47,2026-10-02
decentraland,mana,Decentraland,10.12,19834051759,189,8336463995.0,1958329527.8932714,2193179327.320146,435.95,0.597438,2026-10-02
tradable-na-rent-financing-platform-sstn,pc0000031,Tradable NA Rent Financing Platform SSTN,96.14,19467389948,190,0.0,202500000.0,202500000.0,16222235239.0,85.22,2026-10-02
grx-chain,grx,GRX Chain,2034.67,19355047896,191,322746966.0,9512395.0,9998039.0,2054.34,78.61,2026-10-02
stonk-3,stonk,STONK,23.97,19329817801,192,2178469978.0,805851858.9775287,805809476.2756808,38.43,0.166157,2026-10-02
zama,zama,Zama,7.56,19263936340,193,1145815697.0,2547018659.2069583,11313374436.93133,10.27,1.52,2026-10-02
akash-network,akt,Akash Network,64.57,19257018676,194,676890639.0,298333532.538285,298407950.362244,593.39,13.49,2026-10-02
bedrock-token,br,Bedrock,64.49,19131657691,195,397056401.0,296666666.0,1000000000.0,129.55,3.35,2026-10-02
the-sandbox,sand,The Sandbox,6.35,18645593843,196,24437230775.0,2937639702.3733225,3000000000.0,625.46,2.16,2026-10-02
shuffle-2,shfl,Shuffle,37.46,18200688825,197,280038017.0,485742073.23611915,920031317.540615,68.95,11.99,2026-10-02
origintrail,trac,OriginTrail,40.71,18151338847,198,2511004272.0,447274118.0,500000000.0,261.16,0.290873,2026-10-02
societe-generale-forge-eurcv,eurcv,EUR CoinVertible,108.02,18123052451,200,3330557358.0,167780470.33,167780470.33,112.96,85.24,2026-10-02
chain-2,xcn,Onyxcoin,0.458456,18120520701,199,600541602.0,39531614357.44513,53402422627.324425,14.28,0.058676,2026-10-02
fartcoin,fartcoin,Fartcoin,17.92,17919472629,201,3490967962.0,999917449.660277,999917448.811872,214.63,1.68,2026-10-02
neo,neo,NEO,251.57,17755016082,202,702000308.0,70530000.0,100000000.0,12603.37,5.22,2026-10-02
usa,usat,USAT,96.07,17610983449,203,35019543.0,183317585.5,183317585.5,96.94,90.01,2026-10-02
non-playable-coin,npc,Non-Playable Coin,2.17,17433279176,204,282924721.0,8050126520.0,8050126520.0,5.58,0.00378388,2026-10-02
railgun,rail,Railgun,287.24,17244379876,205,164025073.0,60000000.0,60000000.0,502.01,18.58,2026-10-02
meteora,met,Meteora,30.54,17023430246,206,1640497405.0,557348007.059353,997732329.661307,60.33,9.01,2026-10-02
chiliz,chz,Chiliz,1.61,16965549973,207,2306897045.0,10544199836.0,10544199836.0,63.87,0.290329,2026-10-02
edgex,edge,edgeX,47.98,16847318057,208,290130887.0,350000000.0,1000000000.0,148.31,22.61,2026-10-02
build-on,b,BUILDon,16.85,16845015442,209,355168926.0,1000000000.0,1000000000.0,73.03,7.36,2026-10-02
cash-cat,cashcat,Cash Cat,16.93,16733650823,210,1284913094.0,987874689.0836214,987874689.0836214,29.74,0.152663,2026-10-02
swissborg,borg,SwissBorg,17.02,16702728824,211,38032676.0,981352443.442,981352443.442,120.97,0.34615,2026-10-02
mx-token,mx,MX,180.22,16550621433,212,533327858.0,91837334.0,409024834.0,487.24,3.02,2026-10-02
apyusd,apyusd,apyUSD,135.29,16365764101,213,35494151.0,120969184.20119697,120969184.2011969,448231.0,91.93,2026-10-02
vision-3,vsn,Vision,4.28,16223888299,214,181220423.0,3795329717.884494,4200000000.0,19.64,2.71,2026-10-02
spiko-us-t-bills-money-market-fund,ustbl,Spiko US T-Bills Money Market Fund,105.53,15950159166,215,0.0,151136231.35884,151136231.35884,105.78,84.8,2026-10-02
ecash,xec,eCash,0.00078875,15847312916,216,477751772.0,20091376547580.0,20091448422580.0,0.02773893,0.00045307,2026-10-02
vaulta,a,Vaulta,9.39,15688997103,217,582960379.0,1670664289.8397,2100000000.0,66.55,5.47,2026-10-02
immutable-x,imx,Immutable,17.31,15664697577,218,1386283483.0,904472049.1198142,2000000000.0,709.31,9.07,2026-10-02
tradable-apac-diversified-finance-provider-sstn,pc0000033,Tradable APAC Diversified Finance Provider SSTN,96.14,15621979588,219,0.0,162500000.0,162500000.0,96.9,85.32,2026-10-02
coco-2,coco,coco,15.54,15546795525,220,3441534.0,1000000000.0,1000000000.0,33.53,0.169562,2026-10-02
btse-token,btse,BTSE Token,95.06,15402377051,222,18859359.0,162061501.0,200000000.0,702.29,5.49,2026-10-02
apecoin,ape,ApeCoin,15.36,15372112106,221,1726048770.0,1000000000.0,1000000000.0,2044.73,7.58,2026-10-02
gmt-token,gomining,GoMining Token,38.02,15314027836,223,1675562725.0,402942408.6324701,402942408.6324701,48.04,5.65,2026-10-02
strategy-pp-variable-xstock,strcx,Strategy PP Variable xStock,10287.54,15049309429,224,21673753.0,1462833.5989318092,2865706.968146418,13368.79,6911.7,2026-10-02
artificial-inu-3,ai,Artificial Inu,15.06,14947347248,225,2463188790.0,991203789.8409551,991203789.8409551,36.93,0.101507,2026-10-02
sonic-3,s,Sonic,3.79,14752340423,226,2799674188.0,3885497663.0,3885497663.0,88.3,1.8,2026-10-02
sentient,sent,Sentient,2.04,14735491145,227,495517844.0,7237882055.0,34359738368.0,4.41,1.081,2026-10-02
safepal,sfp,SafePal,29.44,14716162605,228,119290107.0,500000000.0,500000000.0,305.14,18.97,2026-10-02
ultima,ultima,Ultima,172009.0,14564619937,229,807503847.0,84708.0,100000.0,1983633.0,149979.0,2026-10-02
aioz-network,aioz,AIOZ Network,11.27,14454368272,230,759425154.0,1281464390.6843812,1281747105.53341,194.51,0.912215,2026-10-02
humanity,h,Humanity,6.79,14408205599,231,210856712.0,2120466197.4329996,10000000000.0,81.26,1.55,2026-10-02
gusd,gusd,GUSD,95.96,14374304122,232,165333986.0,149790000.0,320000000.0,96.84,86.82,2026-10-02
1inch,1inch,1INCH,10.09,14179856033,234,826694679.0,1405573965.7275033,1499999999.997,648.39,6.14,2026-10-02
havven,snx,Synthetix,24.4,14176516563,233,776472987.0,580980590.4572881,581404223.5556631,2071.19,2.42,2026-10-02
superfarm,super,SuperVerse,21.66,14104916713,235,4340406717.0,650164549.0,1000000000.0,347.99,5.86,2026-10-02
zksync,zk,ZKsync,1.3,14082084728,237,2744215551.0,10816539153.0,21000000000.0,26.81,0.679631,2026-10-02
basic-attention-token,bat,Basic Attention,9.39,14050359413,236,898279279.0,1495724656.9526057,1500000000.0,142.64,4.66,2026-10-02
stp-network,awe,AWE Network,7.11,13807065998,238,135931283.0,1942420282.5203903,1942420282.5203903,20.2,0.456977,2026-10-02
elrond-erd-2,egld,MultiversX,444.24,13714126765,239,315140591.0,30870098.0,30870098.0,40604.0,229.12,2026-10-02
celium,sn51,lium,2807.34,13498445856,240,164662989.0,4808160.989188657,4808160.989188657,3198.81,15.44,2026-10-02
circle-internet-group-bstock,crclb,Circle Internet Group (bStocks Tokenized Stock),8160.74,13117083043,241,2551883537.0,1607301.13533291,1608067.80784469,9975.39,5544.88,2026-10-02
dgrid-ai,dgai,DGrid AI,87.22,13084332546,242,1881393962.0,149999999.99900007,1000000000.0,108.97,34.88,2026-10-02
instadapp,fluid,Fluid,155.8,13043233036,243,237696199.0,83696996.82034639,100000000.0,1799.83,30.33,2026-10-02
meta-2-2,meta,MetaDAO,574.4,13030572500,244,165072893.0,22684686.324871,22684686.324871,972.68,63.37,2026-10-02
jpycoin,jpyc,JPY Coin,0.60628,12904856352,245,93949516.0,21285482436.95474,21285482436.95474,2.06,0.502014,2026-10-02
chutes,sn64,Chutes,2118.29,12862108416,246,53869834.0,6071789.116320483,6071789.116320483,8937.54,32.35,2026-10-02
zencash,zen,Horizen,690.22,12708565820,247,1179426518.0,18406455.728282973,21000000.0,12160.33,216.39,2026-10-02
cash-4,cash,CASH,96.09,12644883661,248,1051968541.0,131588435.784776,131588435.784776,96.92,86.47,2026-10-02
soon-2,soon,SOON,37.13,12622723198,249,6980450983.0,339791742.36,11010339693.50892,381.39,9.33,2026-10-02
golem,glm,Golem,12.54,12540741325,250,167020733.0,1000000000.0,1000000000.0,86.4,0.613205,2026-10-02
bitcoin,btc,Bitcoin,8295633.0,166696360627599,1,3783282025507.0,20092375.0,20092384.0,11187013.0,3993.42,2026-10-02
ethereum,eth,Ethereum,263705.0,32200380712378,2,1511559056424.0,122098689.50213154,122098689.5021315,431946.0,28.13,2026-10-02
tether,usdt,Tether,96.11,17691123937520,3,6981507016527.0,184057713983.93323,189524660047.5562,105.52,36.86,2026-10-02
binancecoin,bnb,BNB,74592.0,9932999719227,4,78971084291.0,133159312.52,133159303.71,121422.0,2.58,2026-10-02
ripple,xrp,XRP,147.99,9336850458159,5,286124857114.0,63092975951.0,99985612577.0,313.99,0.159343,2026-10-02
usd-coin,usdc,USDC,96.12,7113629333945,6,2144570932988.0,74003236641.03654,73996647926.85109,96.99,65.31,2026-10-02
solana,sol,Solana,11720.38,6893001696407,7,422689211517.0,588075337.5285048,635073002.6600933,25396.0,38.03,2026-10-02
tron,trx,TRON,32.2,3058051494387,8,35957053027.0,94976612551.81999,94977910377.9578,36.53,0.117589,2026-10-02
figure-heloc,figr_heloc,Figure Heloc,98.27,2299410853358,9,1574162136.0,23399762227.818,23399762227.818,101.84,13.78,2026-10-02
zcash,zec,Zcash,132846.0,2253828713280,10,119611059681.0,16960081.4155448,16964023.6030448,211171.0,1342.38,2026-10-02
hyperliquid,hype,Hyperliquid,8742.11,1945012499753,11,88798706726.0,222445714.07414138,955307079.4341414,9368.5,321.88,2026-10-02
dogecoin,doge,Dogecoin,9.29,1451045221284,12,82837256053.0,156154276383.7052,156156346383.7052,53.62,0.00552883,2026-10-02
chainlink,link,Chainlink,1384.76,1036000369273,13,47098120648.0,748099970.424884,1000000000.0,3862.15,9.55,2026-10-02
monero,xmr,Monero,52427.0,986870944032,14,11691455120.0,18812242.250365086,18812287.84977191,72026.0,13.57,2026-10-02
whitebit,wbt,WhiteBIT Coin,8268.66,982495290604,15,11470372350.0,118819745.0,293389244.0,8421.2,245.71,2026-10-02
usds,usds,USDS,96.11,955928035903,16,24812177711.0,9946471845.618187,9952236860.552437,96.98,79.67,2026-10-02
cardano,ada,Cardano,24.62,924136220891,17,54273675212.0,37541298084.960144,45000000000.0,225.26,1.38,2026-10-02
rain,rain,Rain,1.12,794151721907,18,2288942546.0,709250252593.093,1142408526965.963,1.85,0.196087,2026-10-02
leo-token,leo,LEO Token,861.88,792818174464,19,27882071.0,919857851.9,985239504.0,1008.66,56.97,2026-10-02
stellar,xlm,Stellar,21.63,758090527215,20,22965683166.0,35040040738.21158,50001786839.69947,55.54,0.02966141,2026-10-02
near,near,NEAR Protocol,469.7,614026484409,21,122067764021.0,1307873756.0,1307873762.0,1518.16,39.17,2026-10-02
bitcoin-cash,bch,Bitcoin Cash,30421.0,611619735700,22,23123630553.0,20097324.89665076,20097340.52165076,242198.0,5536.54,2026-10-02
uniswap,uni,Uniswap,868.29,542946884353,23,59348141480.0,625268422.6104751,887516418.9163101,3333.06,75.81,2026-10-02
litecoin,ltc,Litecoin,6703.47,520568275919,24,36529332131.0,77670260.8217404,77673160.8296346,30082.0,72.12,2026-10-02
avalanche-2,avax,Avalanche,1072.45,475335055467,25,44769093753.0,443176938.9007337,469845805.7289045,10772.35,204.63,2026-10-02
ethena-usde,usde,Ethena USDe,96.11,471380778519,26,3405084682.0,4904466489.662967,4904560353.720665,96.98,78.05,2026-10-02
canton-network,cc,Canton,11.74,467127844223,27,1719105208.0,39740505152.82366,39741422195.69073,17.72,5.31,2026-10-02
sui,sui,Sui,113.1,465878001592,28,76750132664.0,4118270447.6403894,10000000000.0,458.6,30.36,2026-10-02
hedera-hashgraph,hbar,Hedera,10.11,445362129976,29,16420457189.0,43997753975.857605,50000000000.0,41.81,0.703644,2026-10-02
dai,dai,Dai,96.13,440983928584,30,39246595266.0,4587545593.367843,4619754252.040674,104.44,64.85,2026-10-02
usd1-wlfi,usd1,USD1,96.09,424572982041,31,101218085750.0,4418501460.431535,4418501460.431535,100.02,83.75,2026-10-02
the-open-network,gram,Gram (prev. Toncoin),149.43,421134247701,32,5212625160.0,2818047357.4327154,5259203527.005715,689.6,38.25,2026-10-02
bitway,btw,Bitway,138.5,374932907418,33,2585167333.0,2708142280.000001,10000000000.0,142.76,0.842049,2026-10-02
bittensor,tao,Bittensor,29839.0,338409771404,34,22744473190.0,11339645.9251,21000000.0,62722.0,2535.93,2026-10-02
shiba-inu,shib,Shiba Inu,0.00056663,333867886914,35,9828570345.0,589238865672620.0,589496063961009.6,0.00645756,4.169e-09,2026-10-02
crypto-com-chain,cro,Cronos,6.67,332021644577,36,1342527333.0,49756600083.77772,98956583198.19203,66.37,0.864137,2026-10-02
tether-gold,xaut,Tether Gold,401957.0,325192532114,37,21157198472.0,808994.63,827417.63,506656.0,108167.0,2026-10-02
quant-network,qnt,Quant,22222.0,323171580912,38,42518647695.0,14544176.164081175,14612493.0,34322.0,15.06,2026-10-02
global-dollar,usdg,Global Dollar,96.14,305114994254,39,83230839604.0,3173645165.517037,3173745134.336116,143.35,76.61,2026-10-02
paypal-usd,pyusd,PayPal USD,96.14,275510107991,40,10610160767.0,2865863495.4876432,2865863495.487643,96.97,80.95,2026-10-02
aave,aave,Aave,17739.92,273978087795,41,67135454610.0,15434997.596186722,16000000.0,48387.0,1933.39,2026-10-02
pump-fun,pump,Pump.fun,0.561295,261073933249,42,57559059792.0,464927020902.7715,830430241087.0863,0.77853,0.10906,2026-10-02
okb,okb,OKB,11747.52,246796385340,43,2150241530.0,21000000.0,21000000.0,20297.0,40.86,2026-10-02
ripple-usd,rlusd,Ripple USD,96.14,241281505070,44,24133045763.0,2509774082.0172095,2508918019.017206,97.01,81.72,2026-10-02
ethena,ena,Ethena,23.76,240014865902,45,56583501207.0,10095312500.0,15000000000.0,126.48,6.64,2026-10-02
ondo-finance,ondo,Ondo,48.89,237995679994,46,24467044425.0,4869330647.0,10000000000.0,181.52,6.83,2026-10-02
hashnote-usyc,usyc,Circle USYC,109.5,231253954359,47,0.0,2111916940.477755,2111916940.477755,109.75,86.89,2026-10-02
memecore,m,MemeCore,101.1,230612866291,48,116249198.0,2281725727.615356,5420700053.399432,536.04,4.05,2026-10-02
ondo-us-dollar-yield,usdy,Ondo US Dollar Yield,110.14,218814434959,49,351283716.0,1986442681.7572312,1989145747.758101,110.7,77.42,2026-10-02
blackrock-usd-institutional-digital-liquidity-fund,buidl,BlackRock USD Institutional Digital Liquidity Fund,96.14,217520128086,50,0.0,2262646716.187649,2262646716.187649,96.9,83.81,2026-10-02
mantle,mnt,Mantle,64.91,214351997892,51,3102689956.0,3302003382.53684,6219316794.889999,253.43,25.64,2026-10-02
sky,sky,Sky,8.53,200058288206,52,3654446255.0,23422717430.57867,23459804203.60596,8.76,3.12,2026-10-02
polkadot,dot,Polkadot,117.21,199907666844,53,16744438916.0,1705455554.8948014,1705473292.618701,4095.22,69.59,2026-10-02
worldcoin-wld,wld,Worldcoin,51.78,196198283643,54,48338215607.0,3793753211.141162,10000000000.0,971.56,22.02,2026-10-02
aster-2,aster,Aster,71.86,194733828463,55,10651352565.0,2710487455.6497307,7795741639.234234,213.7,8.76,2026-10-02
pepe,pepe,Pepe,0.00043572,183490454592,56,39775461403.0,420690000000000.0,420690000000000.0,0.00237833,4.52e-06,2026-10-02
morpho,morpho,Morpho,254.01,177797796180,57,3537626407.0,699903176.1561837,1000000000.0,361.23,60.2,2026-10-02
pax-gold,paxg,PAX Gold,402362.0,175076960056,58,13530272046.0,435070.590539,435070.590539,516779.0,100361.0,2026-10-02
internet-computer,icp,Internet Computer,313.78,174798786844,59,5540563146.0,557007092.9153376,557007382.8045111,51433.0,183.62,2026-10-02
world-liberty-financial,wlfi,World Liberty Financial,5.38,170825816488,60,3300906447.0,31778337976.0,100000000000.0,29.22,4.61,2026-10-02
falcon-finance,usdf,Falcon USD,95.75,149533593711,61,29851618.0,1561607327.2652395,1609990603.515033,96.82,80.47,2026-10-02
htx-dao,htx,HTX DAO,0.00016424,147445924299,62,7441990651.0,898232728634017.2,898232728634017.2,0.00031771,6.739e-05,2026-10-02
usdd,usdd,USDD,96.1,145606932997,63,337133020.0,1515152604.0,1514900269.0,118.56,72.35,2026-10-02
united-stables,u,United Stables,96.06,144243546454,64,14086820446.0,1501671534.63,1525661534.63,96.99,86.73,2026-10-02
spiko-amundi-overnight-swap-fund-eur,eursafo,Spiko Amundi Overnight Swap Fund (EUR),109.53,143276878662,65,0.0,1308054511.7182,1308054511.7182,113.39,109.49,2026-10-02
venice-token,vvv,Venice Token,2894.0,139870857963,66,5335594215.0,48289140.551073596,81087174.98963824,3309.14,82.42,2026-10-02
ethereum-classic,etc,Ethereum Classic,880.14,139358034690,67,6418894868.0,158350715.60090342,158351899.3317548,12296.58,41.44,2026-10-02
bitget-token,bgb,Bitget Token,192.23,134574639413,68,1175392442.0,699992029.6481037,910920874.6481038,722.65,1.081,2026-10-02
arbitrum,arb,Arbitrum,19.63,133207431668,69,18674161832.0,6785574605.0,10000000000.0,198.19,6.65,2026-10-02
bfusd,bfusd,BFUSD,96.07,126809534463,70,155337205.0,1320000000.0,1320000000.0,96.89,86.85,2026-10-02
usdgo,usdgo,USDGO,96.14,114859418964,71,7108510918.0,1194633292.97,1194633292.97,97.01,91.54,2026-10-02
gatechain-token,gt,Gate,1072.4,114371773056,72,110323891.0,106648130.11937457,118899493.00505702,2187.52,19.44,2026-10-02
kaspa,kas,Kaspa,4.12,114153572803,73,2242537982.0,27732249762.74345,27733651623.79915,17.36,0.01327337,2026-10-02
algorand,algo,Algorand,12.53,113572213994,74,16938523219.0,9058106367.9364,9062251796.444874,247.29,7.25,2026-10-02
polygon-ecosystem-token,pol,POL (ex-MATIC),10.52,111806107841,75,7876407476.0,10624572016.540514,10624572016.540512,106.68,6.41,2026-10-02
jupiter-exchange-solana,jup,Jupiter,31.67,105141793085,76,7956473793.0,3319369204.37,6861486492.127128,166.05,12.3,2026-10-02
just,jst,JUST,12.31,100892294373,77,2213692534.0,8188743036.341737,8188743036.341737,14.19,0.359754,2026-10-02
kucoin-shares,kcs,KuCoin,714.81,99834456996,78,933275343.0,139655021.2773955,142155021.2773955,2158.41,24.48,2026-10-02
render-token,render,Render,189.64,98387302795,79,5134850647.0,518776241.28269154,533536414.5626915,1121.89,2.79,2026-10-02
pi-network,pi,Pi Network,8.67,97445627707,80,469025659.0,11243022455.380999,17296957623.66307,260.4,6.77,2026-10-02
blockchain-capital,bcap,Blockchain Capital,10337.42,94195758589,81,0.0,9112111.0,9112111.0,10360.96,1516.02,2026-10-02
lighter,lit,Lighter,365.56,91399958793,82,9182561088.0,250000000.0,1000000000.0,705.52,73.21,2026-10-02
cosmos,atom,Cosmos Hub,167.12,89208637591,83,4115084898.0,533769512.358817,533791855.241772,3233.07,87.61,2026-10-02
nexo,nexo,NEXO,83.19,83171701857,84,309910721.0,1000000000.0,1000000000.0,298.99,3.25,2026-10-02
filecoin,fil,Filecoin,99.24,82695898234,85,12463880277.0,833303530.0,1957017008.0,17367.85,58.59,2026-10-02
pancakeswap-token,cake,PancakeSwap,248.76,82265111647,86,6205696405.0,330679794.05459136,342286106.3820742,3259.75,14.48,2026-10-02
aerodrome-finance,aero,Aerodrome Finance,76.38,76392943001,87,5315068218.0,999990292.4328847,1992844978.458703,196.44,0.0015484,2026-10-02
vechain,vet,VeChain,0.860079,73928947521,88,988874591.0,85985041177.0,85985041177.0,20.95,0.144791,2026-10-02
dash,dash,Dash,5737.63,73733799901,89,9420524983.0,12850774.70616871,12851086.78132121,95552.0,13.82,2026-10-02
stable-2,stable,​​Stable,2.72,72948725276,90,755108332.0,26842993141.0,100000000000.0,4.14,0.827533,2026-10-02
injective-protocol,inj,Injective,723.8,72406195280,91,10560375463.0,100000000.0,100000000.0,4364.19,49.02,2026-10-02
superstate-short-duration-us-government-securities-fund-ustb,ustb,Invesco Short Duration US Government Securities Fund,1079.59,72091109787,92,0.0,66776370.813419,66670756.869989,1082.05,876.83,2026-10-02
akedo,ake,Akedo,3.13,71205359107,93,713253347.0,22796250000.0,100000000000.0,14.08,0.01659934,2026-10-02
midnight-3,night,Midnight,4.28,71038013720,94,9208249588.0,16607399400.634954,24000000000.0,10.66,1.47,2026-10-02
aptos,apt,Aptos,78.9,68720611774,95,7138120134.0,871107277.2034705,1209551814.899507,1622.34,48.75,2026-10-02
ether-fi,ethfi,Ether.fi,70.72,68284983645,96,4884667414.0,965350000.0,965350000.0,711.06,25.42,2026-10-02
gho,gho,GHO,96.06,67145605354,97,379284206.0,699000000.0,699000000.0,96.87,76.18,2026-10-02
blockstack,stx,Stacks,35.47,66307592876,98,5421266254.0,1871098180.301809,1871108880.301809,322.23,3.44,2026-10-02
eutbl,eutbl,Spiko EU T-Bills Money Market Fund,114.51,66007690947,99,0.0,576412363.55825,555742361.39701,118.61,84.72,2026-10-02
xdce-crowd-sale,xdc,XDC Network,3.26,65076985950,100,1706005616.0,19946688440.0,38065686425.1,14.32,0.02721364,2026-10-02
open-usd,ousd,Open USD,96.11,64251352584,101,363979133.0,668499643.93,668499643.93,96.33,95.85,2026-10-02
layerzero,zro,LayerZero,177.19,62551935066,102,16691862219.0,353313325.89,1000000000.0,632.92,67.47,2026-10-02
flare-networks,flr,Flare,0.710749,61885589463,103,333551519.0,87061365438.15585,106669998817.8837,12.35,0.558382,2026-10-02
pudgy-penguins,pengu,Pudgy Penguins,0.953189,59941728424,104,22772812103.0,62860396090.0,76722799736.77728,5.81,0.320882,2026-10-02
pyth-network,pyth,Pyth Network,7.4,58301031836,105,2058684308.0,7874959274.621841,10000000000.0,99.17,2.82,2026-10-02
official-trump,trump,Official Trump,204.81,57719445501,106,21194787905.0,281867936.287634,1000000000.0,6357.94,130.72,2026-10-02
curve-dao-token,crv,Curve DAO,36.6,57500243592,107,6953771677.0,1570769938.0,2422754823.966288,1150.14,15.17,2026-10-02
janus-henderson-anemoy-aaa-clo-fund,jaaa,Janus Henderson Anemoy AAA CLO Fund,100.99,56241373851,108,0.0,556927498.378853,556927498.378853,101.2,89.64,2026-10-02
beldex,bdx,Beldex,7.08,55719363366,109,220435317.0,7870994979.676834,9939718245.38,32.42,0.01949843,2026-10-02
usual-usd,usd0,Usual USD,96.02,52497803399,110,13749864.0,546721152.8882058,546721152.8882058,110.74,81.88,2026-10-02
fetch-ai,fet,Artificial Superintelligence Alliance,22.33,51699111626,111,15007782326.0,2311508384.055814,2714384546.672,287.87,0.616804,2026-10-02
virtual-protocol,virtual,Virtuals Protocol,78.22,51512951577,112,8090039697.0,658385841.8252224,1000000000.0,434.45,0.622571,2026-10-02
kinesis-gold,kau,Kinesis Gold,12919.85,51502114574,113,6876020.0,3986181.4592,2386227.8342,18851.55,3614.27,2026-10-02
raydium,ray,Raydium,187.63,50650690128,114,4282586548.0,269863602.195736,555000000.0,1237.65,11.13,2026-10-02
ylds,ylds,YLDS,96.12,49873831828,116,5772104403.0,518877158.33,518877158.33,96.99,87.62,2026-10-02
bianrensheng,币安人生,币安人生 (BinanceLife),49.82,49848789629,115,421485471.0,1000000000.0,1000000000.0,85.28,3.63,2026-10-02
true-usd,tusd,TrueUSD,96.12,47535913604,117,1322186763.0,494515083.0,494515083.0,112.93,64.32,2026-10-02
usdtb,usdtb,USDtb,96.13,47364974344,118,9176080.0,492725712.6561826,492725712.6561826,96.91,77.41,2026-10-02
sei-network,sei,Sei,6.91,46553621753,119,6651688771.0,6733333333.0,10000000000.0,94.47,3.66,2026-10-02
grass,grass,Grass,66.0,46194070910,120,4160803533.0,699492325.0,1000000000.0,328.41,15.07,2026-10-02
euro-coin,eurc,EURC,108.02,45513334508,121,4208665172.0,421327668.5739902,423422760.8925712,112.72,4.35,2026-10-02
a7a5,a7a5,A7A5,1.13,44277225858,122,104380.0,39237341548.10074,39237548476.40073,20.14,0.00091492,2026-10-02
celestia,tia,Celestia,45.27,44135412417,123,8052803417.0,975886836.253246,1178464142.022703,1730.96,25.29,2026-10-02
plasma,xpl,Plasma,9.51,42998057703,124,5663606816.0,4533333333.3333,10000000000.0,149.21,5.75,2026-10-02
pendle,pendle,Pendle,234.96,40810002221,125,6109727485.0,173632510.94553822,281527448.4585314,625.59,2.73,2026-10-02
spx6900,spx,SPX6900,43.25,40277338591,126,630804141.0,930987187.3299134,930987187.3299134,196.84,0.109402,2026-10-02
bitcoin-cash-sv,bsv,Bitcoin SV,1927.39,38669489738,128,288130498.0,20091403.125,20091600.0,36495.0,990.23,2026-10-02
derive,drv,Derive,38.72,38652067760,127,1962479811.0,999651632.5499792,1500000000.0,48.85,1.068,2026-10-02
falcon-finance-ff,ff,Falcon Finance,11.54,38588731186,129,532067080.0,3343055555.0,10000000000.0,68.38,5.45,2026-10-02
monad,mon,Monad,3.23,38176897882,130,8942058427.0,11825165000.0,100682925000.0,4.36,1.48,2026-10-02
pieverse,pieverse,Pieverse,133.28,36623684990,131,295792165.0,274750000.0,1000000000.0,190.03,10.59,2026-10-02
lido-dao,ldo,Lido DAO,43.87,36394071683,132,5376512400.0,829567764.2043006,1000000000.0,543.56,22.2,2026-10-02
pearl-2,prl,Pearl,109.53,36388468492,133,376528245.0,332203113.3482476,2100000000.0,168.19,13.51,2026-10-02
bittorrent,btt,BitTorrent,3.609e-05,35616311640,134,1126999545.0,987037885840674.8,990000000000000.0,0.00025579,2.414e-05,2026-10-02
kite-2,kite,Kite,14.43,34504623985,135,1979844007.0,2391196012.0,10000000000.0,29.33,5.48,2026-10-02
pons,pons,Pons,50.52,34437653765,136,3577054137.0,681724299.1597174,681752147.7628574,91.7,0.319844,2026-10-02
tezos,xtz,Tezos,30.98,34008315002,137,833481612.0,1097687388.67757,1117657821.685754,676.89,18.29,2026-10-02
unibase,ub,Unibase,13.34,33350896338,138,1022464221.0,2500000000.0,10000000000.0,23.38,0.909123,2026-10-02
usdai,usdai,USDai,96.18,33275202110,139,256426047.0,345955902.66272795,346405645.4552136,104.92,68.25,2026-10-02
bonk,bonk,Bonk,0.00037585,33048405489,140,4883896489.0,87994374942476.2,87994374942476.2,0.00491619,7.14e-06,2026-10-02
backpack,bp,Backpack,130.95,32747157289,141,2164867653.0,250000000.0,1000000000.0,158.08,11.24,2026-10-02
sofiusd,sofid,SoFiUSD,95.98,31749357867,142,1147550709.0,330808795.21,330808795.21,96.82,94.14,2026-10-02
sun-token,sun,Sun Token,1.64,31600909927,143,1314574657.0,19222181989.37517,19900730000.0,4880.96,0.374246,2026-10-02
janus-henderson-anemoy-treasury-fund,jtrsy,Janus Henderson Anemoy Treasury Fund,107.47,31360310747,144,0.0,291807107.730094,291807107.730094,107.7,95.98,2026-10-02
first-digital-usd,fdusd,First Digital USD,96.05,31218064837,145,13387293547.0,325042596.910496,325042596.910496,100.07,78.29,2026-10-02
decred,dcr,Decred,1766.89,31160266988,146,148342277.0,17629199.78156046,17629388.49731432,18443.33,29.25,2026-10-02
the-graph,grt,The Graph,2.81,30811915563,147,1561102470.0,10941320353.043917,11612995353.0437,206.81,1.24,2026-10-02
ousg,ousg,Ondo Short-Term U.S. Government Bond Fund,11224.28,30737186390,148,0.0,2738455.144767378,2738455.144767378,11248.65,7844.42,2026-10-02
hash-2,hash,Provenance Blockchain,0.524723,30728700053,149,677935.0,58561640302.0,94978475357.64638,5.31,0.397907,2026-10-02
apxusd,apxusd,apxUSD,95.34,30576190726,150,91648424.0,320698767.6594533,320698767.6594533,96.95,67.67,2026-10-02
starknet,strk,Starknet,4.12,30561293517,151,3130002136.0,7421949505.848546,10000000000.0,366.16,2.13,2026-10-02
gnosis,gno,Gnosis,11512.98,30395351093,152,186750105.0,2639589.0,3000000.0,47603.0,519.75,2026-10-02
optimism,op,Optimism,12.76,29316482621,153,9296349280.0,2299624975.0,4294967296.0,401.58,7.72,2026-10-02
olympus,ohm,Olympus,1955.27,29221337733,154,7097008.0,14939262.280564522,19823045.1403943,121096.0,616.08,2026-10-02
doublezero,2z,DoubleZero,5.64,28912693422,155,1275189784.0,5121498138.4,9998069891.4,79.28,4.3,2026-10-02
ethereum-name-service,ens,Ethereum Name Service,678.59,28697135429,156,1515111553.0,42267014.20143092,100000000.0,6205.48,361.17,2026-10-02
re-protocol-reusd,reusd,Re Protocol reUSD,106.16,28626130796,157,563465060.0,269640569.9245475,269440016.9245475,106.43,75.07,2026-10-02
terra-luna,lunc,Terra Luna Classic,0.00511161,28198933881,158,887532976.0,5516185130228.837,6447225803838.415,8974.09,7.733e-05,2026-10-02
jito-governance-token,jto,Jito,53.28,28125974537,159,2528367374.0,527779716.6,1000000000.0,501.19,19.7,2026-10-02
conflux-token,cfx,Conflux,5.28,27698025291,160,639546814.0,5243556444.14,5244138873.06,123.22,1.82,2026-10-02
arweave,ar,Arweave,419.35,27539816947,161,1905763973.0,65652466.0,65652466.0,6640.2,21.36,2026-10-02
syrup,syrup,Maple Finance,23.22,27093209035,162,1347133387.0,1167271959.1810675,1244677492.511099,56.23,7.31,2026-10-02
floki,floki,FLOKI,0.00272785,26303934730,163,2097281406.0,9643112692798.451,9643112692798.451,0.02877055,6.26e-06,2026-10-02
ape-and-pepe,apepe,Ape and Pepe,0.00012331,25894449113,164,1304841549.0,210000000000000.0,210000000000000.0,0.00058203,5.75e-05,2026-10-02
jasmycoin,jasmy,JasmyCoin,0.521529,25792790835,165,4541748609.0,49444999677.59027,50000000000.0,347.8,0.227783,2026-10-02
zebec-network,zbcn,Zebec Network,0.253894,25405607147,166,898097248.0,99998768825.39131,99998768825.39131,0.59785,0.058786,2026-10-02
thorchain,rune,THORChain,76.32,25078177929,167,3771259555.0,328591411.0,353908486.0,1525.95,0.601495,2026-10-02
iota,iota,IOTA,5.35,25005606614,168,1141231139.0,4673291998.0,4994922684.0,336.22,2.97,2026-10-02
dogwifcoin,wif,dogwifhat,24.56,24530953540,169,9028306508.0,998926392.0,998926392.0,402.36,0.129643,2026-10-02
eigenlayer,eigen,EigenCloud (prev. EigenLayer),25.04,24267463564,170,3506133780.0,969024551.0099299,1849558131.879467,479.53,13.79,2026-10-02
useless-3,useless,Useless Coin,24.07,24029648753,171,2785512259.0,999940362.02,999940362.02,38.58,0.446078,2026-10-02
trust-wallet-token,twt,Trust Wallet,57.0,23751948182,172,887833912.0,416649900.0,1000000000.0,224.28,0.209814,2026-10-02
compound-governance-token,comp,Compound,2357.23,23570099569,173,1704211339.0,10000000.0,10000000.0,62696.0,1374.36,2026-10-02
apenft,nft,AINFT,2.307e-05,22845329757,174,610702336.0,990105592982874.8,990105592982874.8,0.00054965,2.182e-05,2026-10-02
kaia,kaia,Kaia,3.52,22616785997,175,773992479.0,6433861143.843978,6434031770.974706,34.46,2.07,2026-10-02
kamino,kmno,Kamino,3.97,22475399986,176,951110231.0,5660274322.75,9999956783.017273,21.02,1.28,2026-10-02
crvusd,crvusd,crvUSD,96.07,22216264199,177,1615561127.0,231229495.45449078,231578327.8797028,97.04,78.57,2026-10-02
theta-token,theta,Theta Network,21.73,21733479716,178,515981149.0,1000000000.0,1000000000.0,1170.34,2.96,2026-10-02
collector-crypt,cards,Collector Crypt,24.14,21648829222,179,2042942400.0,897126447.2157571,1974159587.650464,33.67,1.87,2026-10-02
kinesis-silver,kag,Kinesis Silver,5872.76,21518535667,180,20453742.0,3664037.1286,3777096.9336,11907.44,362.2,2026-10-02
bnb48-club-token,koge,KOGE,6318.95,21358086670,181,1372660.0,3379997.6,3379997.6,13525.21,87.17,2026-10-02
axie-infinity,axs,Axie Infinity,120.78,21105026792,182,5851750324.0,174806933.00134403,270000000.0,12233.95,9.17,2026-10-02
agora-dollar,ausd,AUSD,96.11,20966663853,183,547311800.0,218148511.719908,220176012.686236,96.96,80.49,2026-10-02
frax,frax,Legacy Frax Dollar,95.41,20924770805,184,16137280.0,219310245.87260038,219310245.8726003,157.66,23.64,2026-10-02
convex-finance,cvx,Convex Finance,224.44,20914384769,185,1698769829.0,93194518.49512771,99993015.87972511,4477.35,98.19,2026-10-02
usx,usx,USX,96.09,20452937403,186,212728957.0,212858794.546464,212858794.546464,116.47,74.4,2026-10-02
safo,safo,Spiko Amundi Overnight Swap Fund,98.32,20263755127,187,0.0,206105815.48266,206105815.48266,98.53,96.08,2026-10-02
mina-protocol,mina,Mina Protocol,15.52,20098578025,188,2212499751.0,1293631019.840039,1293631019.840039,659.2,3.47,2026-10-02
decentraland,mana,Decentraland,10.12,19834051759,189,8336463995.0,1958329527.8932714,2193179327.320146,435.95,0.597438,2026-10-02
tradable-na-rent-financing-platform-sstn,pc0000031,Tradable NA Rent Financing Platform SSTN,96.14,19467389948,190,0.0,202500000.0,202500000.0,16222235239.0,85.22,2026-10-02
grx-chain,grx,GRX Chain,2034.67,19355047896,191,322746966.0,9512395.0,9998039.0,2054.34,78.61,2026-10-02
stonk-3,stonk,STONK,23.97,19329817801,192,2178469978.0,805851858.9775287,805809476.2756808,38.43,0.166157,2026-10-02
zama,zama,Zama,7.56,19263936340,193,1145815697.0,2547018659.2069583,11313374436.93133,10.27,1.52,2026-10-02
akash-network,akt,Akash Network,64.57,19257018676,194,676890639.0,298333532.538285,298407950.362244,593.39,13.49,2026-10-02
bedrock-token,br,Bedrock,64.49,19131657691,195,397056401.0,296666666.0,1000000000.0,129.55,3.35,2026-10-02
the-sandbox,sand,The Sandbox,6.35,18645593843,196,24437230775.0,2937639702.3733225,3000000000.0,625.46,2.16,2026-10-02
shuffle-2,shfl,Shuffle,37.46,18200688825,197,280038017.0,485742073.23611915,920031317.540615,68.95,11.99,2026-10-02
origintrail,trac,OriginTrail,40.71,18151338847,198,2511004272.0,447274118.0,500000000.0,261.16,0.290873,2026-10-02
societe-generale-forge-eurcv,eurcv,EUR CoinVertible,108.02,18123052451,200,3330557358.0,167780470.33,167780470.33,112.96,85.24,2026-10-02
chain-2,xcn,Onyxcoin,0.458456,18120520701,199,600541602.0,39531614357.44513,53402422627.324425,14.28,0.058676,2026-10-02
fartcoin,fartcoin,Fartcoin,17.92,17919472629,201,3490967962.0,999917449.660277,999917448.811872,214.63,1.68,2026-10-02
neo,neo,NEO,251.57,17755016082,202,702000308.0,70530000.0,100000000.0,12603.37,5.22,2026-10-02
usa,usat,USAT,96.07,17610983449,203,35019543.0,183317585.5,183317585.5,96.94,90.01,2026-10-02
non-playable-coin,npc,Non-Playable Coin,2.17,17433279176,204,282924721.0,8050126520.0,8050126520.0,5.58,0.00378388,2026-10-02
railgun,rail,Railgun,287.24,17244379876,205,164025073.0,60000000.0,60000000.0,502.01,18.58,2026-10-02
meteora,met,Meteora,30.54,17023430246,206,1640497405.0,557348007.059353,997732329.661307,60.33,9.01,2026-10-02
chiliz,chz,Chiliz,1.61,16965549973,207,2306897045.0,10544199836.0,10544199836.0,63.87,0.290329,2026-10-02
edgex,edge,edgeX,47.98,16847318057,208,290130887.0,350000000.0,1000000000.0,148.31,22.61,2026-10-02
build-on,b,BUILDon,16.85,16845015442,209,355168926.0,1000000000.0,1000000000.0,73.03,7.36,2026-10-02
cash-cat,cashcat,Cash Cat,16.93,16733650823,210,1284913094.0,987874689.0836214,987874689.0836214,29.74,0.152663,2026-10-02
swissborg,borg,SwissBorg,17.02,16702728824,211,38032676.0,981352443.442,981352443.442,120.97,0.34615,2026-10-02
mx-token,mx,MX,180.22,16550621433,212,533327858.0,91837334.0,409024834.0,487.24,3.02,2026-10-02
apyusd,apyusd,apyUSD,135.29,16365764101,213,35494151.0,120969184.20119697,120969184.2011969,448231.0,91.93,2026-10-02
vision-3,vsn,Vision,4.28,16223888299,214,181220423.0,3795329717.884494,4200000000.0,19.64,2.71,2026-10-02
spiko-us-t-bills-money-market-fund,ustbl,Spiko US T-Bills Money Market Fund,105.53,15950159166,215,0.0,151136231.35884,151136231.35884,105.78,84.8,2026-10-02
ecash,xec,eCash,0.00078875,15847312916,216,477751772.0,20091376547580.0,20091448422580.0,0.02773893,0.00045307,2026-10-02
vaulta,a,Vaulta,9.39,15688997103,217,582960379.0,1670664289.8397,2100000000.0,66.55,5.47,2026-10-02
immutable-x,imx,Immutable,17.31,15664697577,218,1386283483.0,904472049.1198142,2000000000.0,709.31,9.07,2026-10-02
tradable-apac-diversified-finance-provider-sstn,pc0000033,Tradable APAC Diversified Finance Provider SSTN,96.14,15621979588,219,0.0,162500000.0,162500000.0,96.9,85.32,2026-10-02
coco-2,coco,coco,15.54,15546795525,220,3441534.0,1000000000.0,1000000000.0,33.53,0.169562,2026-10-02
btse-token,btse,BTSE Token,95.06,15402377051,222,18859359.0,162061501.0,200000000.0,702.29,5.49,2026-10-02
apecoin,ape,ApeCoin,15.36,15372112106,221,1726048770.0,1000000000.0,1000000000.0,2044.73,7.58,2026-10-02
gmt-token,gomining,GoMining Token,38.02,15314027836,223,1675562725.0,402942408.6324701,402942408.6324701,48.04,5.65,2026-10-02
strategy-pp-variable-xstock,strcx,Strategy PP Variable xStock,10287.54,15049309429,224,21673753.0,1462833.5989318092,2865706.968146418,13368.79,6911.7,2026-10-02
artificial-inu-3,ai,Artificial Inu,15.06,14947347248,225,2463188790.0,991203789.8409551,991203789.8409551,36.93,0.101507,2026-10-02
sonic-3,s,Sonic,3.79,14752340423,226,2799674188.0,3885497663.0,3885497663.0,88.3,1.8,2026-10-02
sentient,sent,Sentient,2.04,14735491145,227,495517844.0,7237882055.0,34359738368.0,4.41,1.081,2026-10-02
safepal,sfp,SafePal,29.44,14716162605,228,119290107.0,500000000.0,500000000.0,305.14,18.97,2026-10-02
ultima,ultima,Ultima,172009.0,14564619937,229,807503847.0,84708.0,100000.0,1983633.0,149979.0,2026-10-02
aioz-network,aioz,AIOZ Network,11.27,14454368272,230,759425154.0,1281464390.6843812,1281747105.53341,194.51,0.912215,2026-10-02
humanity,h,Humanity,6.79,14408205599,231,210856712.0,2120466197.4329996,10000000000.0,81.26,1.55,2026-10-02
gusd,gusd,GUSD,95.96,14374304122,232,165333986.0,149790000.0,320000000.0,96.84,86.82,2026-10-02
1inch,1inch,1INCH,10.09,14179856033,234,826694679.0,1405573965.7275033,1499999999.997,648.39,6.14,2026-10-02
havven,snx,Synthetix,24.4,14176516563,233,776472987.0,580980590.4572881,581404223.5556631,2071.19,2.42,2026-10-02
superfarm,super,SuperVerse,21.66,14104916713,235,4340406717.0,650164549.0,1000000000.0,347.99,5.86,2026-10-02
zksync,zk,ZKsync,1.3,14082084728,237,2744215551.0,10816539153.0,21000000000.0,26.81,0.679631,2026-10-02
basic-attention-token,bat,Basic Attention,9.39,14050359413,236,898279279.0,1495724656.9526057,1500000000.0,142.64,4.66,2026-10-02
stp-network,awe,AWE Network,7.11,13807065998,238,135931283.0,1942420282.5203903,1942420282.5203903,20.2,0.456977,2026-10-02
elrond-erd-2,egld,MultiversX,444.24,13714126765,239,315140591.0,30870098.0,30870098.0,40604.0,229.12,2026-10-02
celium,sn51,lium,2807.34,13498445856,240,164662989.0,4808160.989188657,4808160.989188657,3198.81,15.44,2026-10-02
circle-internet-group-bstock,crclb,Circle Internet Group (bStocks Tokenized Stock),8160.74,13117083043,241,2551883537.0,1607301.13533291,1608067.80784469,9975.39,5544.88,2026-10-02
dgrid-ai,dgai,DGrid AI,87.22,13084332546,242,1881393962.0,149999999.99900007,1000000000.0,108.97,34.88,2026-10-02
instadapp,fluid,Fluid,155.8,13043233036,243,237696199.0,83696996.82034639,100000000.0,1799.83,30.33,2026-10-02
meta-2-2,meta,MetaDAO,574.4,13030572500,244,165072893.0,22684686.324871,22684686.324871,972.68,63.37,2026-10-02
jpycoin,jpyc,JPY Coin,0.60628,12904856352,245,93949516.0,21285482436.95474,21285482436.95474,2.06,0.502014,2026-10-02
chutes,sn64,Chutes,2118.29,12862108416,246,53869834.0,6071789.116320483,6071789.116320483,8937.54,32.35,2026-10-02
zencash,zen,Horizen,690.22,12708565820,247,1179426518.0,18406455.728282973,21000000.0,12160.33,216.39,2026-10-02
cash-4,cash,CASH,96.09,12644883661,248,1051968541.0,131588435.784776,131588435.784776,96.92,86.47,2026-10-02
soon-2,soon,SOON,37.13,12622723198,249,6980450983.0,339791742.36,11010339693.50892,381.39,9.33,2026-10-02
golem,glm,Golem,12.54,12540741325,250,167020733.0,1000000000.0,1000000000.0,86.4,0.613205,2026-10-02
bitcoin,btc,Bitcoin,8295633.0,166696360627599,1,3783282025507.0,20092375.0,20092384.0,11187013.0,3993.42,2026-10-02
ethereum,eth,Ethereum,263705.0,32200380712378,2,1511559056424.0,122098689.50213154,122098689.5021315,431946.0,28.13,2026-10-02
tether,usdt,Tether,96.11,17691123937520,3,6981507016527.0,184057713983.93323,189524660047.5562,105.52,36.86,2026-10-02
binancecoin,bnb,BNB,74592.0,9932999719227,4,78971084291.0,133159312.52,133159303.71,121422.0,2.58,2026-10-02
ripple,xrp,XRP,147.99,9336850458159,5,286124857114.0,63092975951.0,99985612577.0,313.99,0.159343,2026-10-02
usd-coin,usdc,USDC,96.12,7113629333945,6,2144570932988.0,74003236641.03654,73996647926.85109,96.99,65.31,2026-10-02
solana,sol,Solana,11720.38,6893001696407,7,422689211517.0,588075337.5285048,635073002.6600933,25396.0,38.03,2026-10-02
tron,trx,TRON,32.2,3058051494387,8,35957053027.0,94976612551.81999,94977910377.9578,36.53,0.117589,2026-10-02
figure-heloc,figr_heloc,Figure Heloc,98.27,2299410853358,9,1574162136.0,23399762227.818,23399762227.818,101.84,13.78,2026-10-02
zcash,zec,Zcash,132846.0,2253828713280,10,119611059681.0,16960081.4155448,16964023.6030448,211171.0,1342.38,2026-10-02
hyperliquid,hype,Hyperliquid,8742.11,1945012499753,11,88798706726.0,222445714.07414138,955307079.4341414,9368.5,321.88,2026-10-02
dogecoin,doge,Dogecoin,9.29,1451045221284,12,82837256053.0,156154276383.7052,156156346383.7052,53.62,0.00552883,2026-10-02
chainlink,link,Chainlink,1384.76,1036000369273,13,47098120648.0,748099970.424884,1000000000.0,3862.15,9.55,2026-10-02
monero,xmr,Monero,52427.0,986870944032,14,11691455120.0,18812242.250365086,18812287.84977191,72026.0,13.57,2026-10-02
whitebit,wbt,WhiteBIT Coin,8268.66,982495290604,15,11470372350.0,118819745.0,293389244.0,8421.2,245.71,2026-10-02
usds,usds,USDS,96.11,955928035903,16,24812177711.0,9946471845.618187,9952236860.552437,96.98,79.67,2026-10-02
cardano,ada,Cardano,24.62,924136220891,17,54273675212.0,37541298084.960144,45000000000.0,225.26,1.38,2026-10-02
rain,rain,Rain,1.12,794151721907,18,2288942546.0,709250252593.093,1142408526965.963,1.85,0.196087,2026-10-02
leo-token,leo,LEO Token,861.88,792818174464,19,27882071.0,919857851.9,985239504.0,1008.66,56.97,2026-10-02
stellar,xlm,Stellar,21.63,758090527215,20,22965683166.0,35040040738.21158,50001786839.69947,55.54,0.02966141,2026-10-02
near,near,NEAR Protocol,469.7,614026484409,21,122067764021.0,1307873756.0,1307873762.0,1518.16,39.17,2026-10-02
bitcoin-cash,bch,Bitcoin Cash,30421.0,611619735700,22,23123630553.0,20097324.89665076,20097340.52165076,242198.0,5536.54,2026-10-02
uniswap,uni,Uniswap,868.29,542946884353,23,59348141480.0,625268422.6104751,887516418.9163101,3333.06,75.81,2026-10-02
litecoin,ltc,Litecoin,6703.47,520568275919,24,36529332131.0,77670260.8217404,77673160.8296346,30082.0,72.12,2026-10-02
avalanche-2,avax,Avalanche,1072.45,475335055467,25,44769093753.0,443176938.9007337,469845805.7289045,10772.35,204.63,2026-10-02
ethena-usde,usde,Ethena USDe,96.11,471380778519,26,3405084682.0,4904466489.662967,4904560353.720665,96.98,78.05,2026-10-02
canton-network,cc,Canton,11.74,467127844223,27,1719105208.0,39740505152.82366,39741422195.69073,17.72,5.31,2026-10-02
sui,sui,Sui,113.1,465878001592,28,76750132664.0,4118270447.6403894,10000000000.0,458.6,30.36,2026-10-02
hedera-hashgraph,hbar,Hedera,10.11,445362129976,29,16420457189.0,43997753975.857605,50000000000.0,41.81,0.703644,2026-10-02
dai,dai,Dai,96.13,440983928584,30,39246595266.0,4587545593.367843,4619754252.040674,104.44,64.85,2026-10-02
usd1-wlfi,usd1,USD1,96.09,424572982041,31,101218085750.0,4418501460.431535,4418501460.431535,100.02,83.75,2026-10-02
the-open-network,gram,Gram (prev. Toncoin),149.43,421134247701,32,5212625160.0,2818047357.4327154,5259203527.005715,689.6,38.25,2026-10-02
bitway,btw,Bitway,138.5,374932907418,33,2585167333.0,2708142280.000001,10000000000.0,142.76,0.842049,2026-10-02
bittensor,tao,Bittensor,29839.0,338409771404,34,22744473190.0,11339645.9251,21000000.0,62722.0,2535.93,2026-10-02
shiba-inu,shib,Shiba Inu,0.00056663,333867886914,35,9828570345.0,589238865672620.0,589496063961009.6,0.00645756,4.169e-09,2026-10-02
crypto-com-chain,cro,Cronos,6.67,332021644577,36,1342527333.0,49756600083.77772,98956583198.19203,66.37,0.864137,2026-10-02
tether-gold,xaut,Tether Gold,401957.0,325192532114,37,21157198472.0,808994.63,827417.63,506656.0,108167.0,2026-10-02
quant-network,qnt,Quant,22222.0,323171580912,38,42518647695.0,14544176.164081175,14612493.0,34322.0,15.06,2026-10-02
global-dollar,usdg,Global Dollar,96.14,305114994254,39,83230839604.0,3173645165.517037,3173745134.336116,143.35,76.61,2026-10-02
paypal-usd,pyusd,PayPal USD,96.14,275510107991,40,10610160767.0,2865863495.4876432,2865863495.487643,96.97,80.95,2026-10-02
aave,aave,Aave,17739.92,273978087795,41,67135454610.0,15434997.596186722,16000000.0,48387.0,1933.39,2026-10-02
pump-fun,pump,Pump.fun,0.561295,261073933249,42,57559059792.0,464927020902.7715,830430241087.0863,0.77853,0.10906,2026-10-02
okb,okb,OKB,11747.52,246796385340,43,2150241530.0,21000000.0,21000000.0,20297.0,40.86,2026-10-02
ripple-usd,rlusd,Ripple USD,96.14,241281505070,44,24133045763.0,2509774082.0172095,2508918019.017206,97.01,81.72,2026-10-02
ethena,ena,Ethena,23.76,240014865902,45,56583501207.0,10095312500.0,15000000000.0,126.48,6.64,2026-10-02
ondo-finance,ondo,Ondo,48.89,237995679994,46,24467044425.0,4869330647.0,10000000000.0,181.52,6.83,2026-10-02
hashnote-usyc,usyc,Circle USYC,109.5,231253954359,47,0.0,2111916940.477755,2111916940.477755,109.75,86.89,2026-10-02
memecore,m,MemeCore,101.1,230612866291,48,116249198.0,2281725727.615356,5420700053.399432,536.04,4.05,2026-10-02
ondo-us-dollar-yield,usdy,Ondo US Dollar Yield,110.14,218814434959,49,351283716.0,1986442681.7572312,1989145747.758101,110.7,77.42,2026-10-02
blackrock-usd-institutional-digital-liquidity-fund,buidl,BlackRock USD Institutional Digital Liquidity Fund,96.14,217520128086,50,0.0,2262646716.187649,2262646716.187649,96.9,83.81,2026-10-02
mantle,mnt,Mantle,64.91,214351997892,51,3102689956.0,3302003382.53684,6219316794.889999,253.43,25.64,2026-10-02
sky,sky,Sky,8.53,200058288206,52,3654446255.0,23422717430.57867,23459804203.60596,8.76,3.12,2026-10-02
polkadot,dot,Polkadot,117.21,199907666844,53,16744438916.0,1705455554.8948014,1705473292.618701,4095.22,69.59,2026-10-02
worldcoin-wld,wld,Worldcoin,51.78,196198283643,54,48338215607.0,3793753211.141162,10000000000.0,971.56,22.02,2026-10-02
aster-2,aster,Aster,71.86,194733828463,55,10651352565.0,2710487455.6497307,7795741639.234234,213.7,8.76,2026-10-02
pepe,pepe,Pepe,0.00043572,183490454592,56,39775461403.0,420690000000000.0,420690000000000.0,0.00237833,4.52e-06,2026-10-02
morpho,morpho,Morpho,254.01,177797796180,57,3537626407.0,699903176.1561837,1000000000.0,361.23,60.2,2026-10-02
pax-gold,paxg,PAX Gold,402362.0,175076960056,58,13530272046.0,435070.590539,435070.590539,516779.0,100361.0,2026-10-02
internet-computer,icp,Internet Computer,313.78,174798786844,59,5540563146.0,557007092.9153376,557007382.8045111,51433.0,183.62,2026-10-02
world-liberty-financial,wlfi,World Liberty Financial,5.38,170825816488,60,3300906447.0,31778337976.0,100000000000.0,29.22,4.61,2026-10-02
falcon-finance,usdf,Falcon USD,95.75,149533593711,61,29851618.0,1561607327.2652395,1609990603.515033,96.82,80.47,2026-10-02
htx-dao,htx,HTX DAO,0.00016424,147445924299,62,7441990651.0,898232728634017.2,898232728634017.2,0.00031771,6.739e-05,2026-10-02
usdd,usdd,USDD,96.1,145606932997,63,337133020.0,1515152604.0,1514900269.0,118.56,72.35,2026-10-02
united-stables,u,United Stables,96.06,144243546454,64,14086820446.0,1501671534.63,1525661534.63,96.99,86.73,2026-10-02
spiko-amundi-overnight-swap-fund-eur,eursafo,Spiko Amundi Overnight Swap Fund (EUR),109.53,143276878662,65,0.0,1308054511.7182,1308054511.7182,113.39,109.49,2026-10-02
venice-token,vvv,Venice Token,2894.0,139870857963,66,5335594215.0,48289140.551073596,81087174.98963824,3309.14,82.42,2026-10-02
ethereum-classic,etc,Ethereum Classic,880.14,139358034690,67,6418894868.0,158350715.60090342,158351899.3317548,12296.58,41.44,2026-10-02
bitget-token,bgb,Bitget Token,192.23,134574639413,68,1175392442.0,699992029.6481037,910920874.6481038,722.65,1.081,2026-10-02
arbitrum,arb,Arbitrum,19.63,133207431668,69,18674161832.0,6785574605.0,10000000000.0,198.19,6.65,2026-10-02
bfusd,bfusd,BFUSD,96.07,126809534463,70,155337205.0,1320000000.0,1320000000.0,96.89,86.85,2026-10-02
usdgo,usdgo,USDGO,96.14,114859418964,71,7108510918.0,1194633292.97,1194633292.97,97.01,91.54,2026-10-02
gatechain-token,gt,Gate,1072.4,114371773056,72,110323891.0,106648130.11937457,118899493.00505702,2187.52,19.44,2026-10-02
kaspa,kas,Kaspa,4.12,114153572803,73,2242537982.0,27732249762.74345,27733651623.79915,17.36,0.01327337,2026-10-02
algorand,algo,Algorand,12.53,113572213994,74,16938523219.0,9058106367.9364,9062251796.444874,247.29,7.25,2026-10-02
polygon-ecosystem-token,pol,POL (ex-MATIC),10.52,111806107841,75,7876407476.0,10624572016.540514,10624572016.540512,106.68,6.41,2026-10-02
jupiter-exchange-solana,jup,Jupiter,31.67,105141793085,76,7956473793.0,3319369204.37,6861486492.127128,166.05,12.3,2026-10-02
just,jst,JUST,12.31,100892294373,77,2213692534.0,8188743036.341737,8188743036.341737,14.19,0.359754,2026-10-02
kucoin-shares,kcs,KuCoin,714.81,99834456996,78,933275343.0,139655021.2773955,142155021.2773955,2158.41,24.48,2026-10-02
render-token,render,Render,189.64,98387302795,79,5134850647.0,518776241.28269154,533536414.5626915,1121.89,2.79,2026-10-02
pi-network,pi,Pi Network,8.67,97445627707,80,469025659.0,11243022455.380999,17296957623.66307,260.4,6.77,2026-10-02
blockchain-capital,bcap,Blockchain Capital,10337.42,94195758589,81,0.0,9112111.0,9112111.0,10360.96,1516.02,2026-10-02
lighter,lit,Lighter,365.56,91399958793,82,9182561088.0,250000000.0,1000000000.0,705.52,73.21,2026-10-02
cosmos,atom,Cosmos Hub,167.12,89208637591,83,4115084898.0,533769512.358817,533791855.241772,3233.07,87.61,2026-10-02
nexo,nexo,NEXO,83.19,83171701857,84,309910721.0,1000000000.0,1000000000.0,298.99,3.25,2026-10-02
filecoin,fil,Filecoin,99.24,82695898234,85,12463880277.0,833303530.0,1957017008.0,17367.85,58.59,2026-10-02
pancakeswap-token,cake,PancakeSwap,248.76,82265111647,86,6205696405.0,330679794.05459136,342286106.3820742,3259.75,14.48,2026-10-02
aerodrome-finance,aero,Aerodrome Finance,76.38,76392943001,87,5315068218.0,999990292.4328847,1992844978.458703,196.44,0.0015484,2026-10-02
vechain,vet,VeChain,0.860079,73928947521,88,988874591.0,85985041177.0,85985041177.0,20.95,0.144791,2026-10-02
dash,dash,Dash,5737.63,73733799901,89,9420524983.0,12850774.70616871,12851086.78132121,95552.0,13.82,2026-10-02
stable-2,stable,​​Stable,2.72,72948725276,90,755108332.0,26842993141.0,100000000000.0,4.14,0.827533,2026-10-02
injective-protocol,inj,Injective,723.8,72406195280,91,10560375463.0,100000000.0,100000000.0,4364.19,49.02,2026-10-02
superstate-short-duration-us-government-securities-fund-ustb,ustb,Invesco Short Duration US Government Securities Fund,1079.59,72091109787,92,0.0,66776370.813419,66670756.869989,1082.05,876.83,2026-10-02
akedo,ake,Akedo,3.13,71205359107,93,713253347.0,22796250000.0,100000000000.0,14.08,0.01659934,2026-10-02
midnight-3,night,Midnight,4.28,71038013720,94,9208249588.0,16607399400.634954,24000000000.0,10.66,1.47,2026-10-02
aptos,apt,Aptos,78.9,68720611774,95,7138120134.0,871107277.2034705,1209551814.899507,1622.34,48.75,2026-10-02
ether-fi,ethfi,Ether.fi,70.72,68284983645,96,4884667414.0,965350000.0,965350000.0,711.06,25.42,2026-10-02
gho,gho,GHO,96.06,67145605354,97,379284206.0,699000000.0,699000000.0,96.87,76.18,2026-10-02
blockstack,stx,Stacks,35.47,66307592876,98,5421266254.0,1871098180.301809,1871108880.301809,322.23,3.44,2026-10-02
eutbl,eutbl,Spiko EU T-Bills Money Market Fund,114.51,66007690947,99,0.0,576412363.55825,555742361.39701,118.61,84.72,2026-10-02
xdce-crowd-sale,xdc,XDC Network,3.26,65076985950,100,1706005616.0,19946688440.0,38065686425.1,14.32,0.02721364,2026-10-02
open-usd,ousd,Open USD,96.11,64251352584,101,363979133.0,668499643.93,668499643.93,96.33,95.85,2026-10-02
layerzero,zro,LayerZero,177.19,62551935066,102,16691862219.0,353313325.89,1000000000.0,632.92,67.47,2026-10-02
flare-networks,flr,Flare,0.710749,61885589463,103,333551519.0,87061365438.15585,106669998817.8837,12.35,0.558382,2026-10-02
pudgy-penguins,pengu,Pudgy Penguins,0.953189,59941728424,104,22772812103.0,62860396090.0,76722799736.77728,5.81,0.320882,2026-10-02
pyth-network,pyth,Pyth Network,7.4,58301031836,105,2058684308.0,7874959274.621841,10000000000.0,99.17,2.82,2026-10-02
official-trump,trump,Official Trump,204.81,57719445501,106,21194787905.0,281867936.287634,1000000000.0,6357.94,130.72,2026-10-02
curve-dao-token,crv,Curve DAO,36.6,57500243592,107,6953771677.0,1570769938.0,2422754823.966288,1150.14,15.17,2026-10-02
janus-henderson-anemoy-aaa-clo-fund,jaaa,Janus Henderson Anemoy AAA CLO Fund,100.99,56241373851,108,0.0,556927498.378853,556927498.378853,101.2,89.64,2026-10-02
beldex,bdx,Beldex,7.08,55719363366,109,220435317.0,7870994979.676834,9939718245.38,32.42,0.01949843,2026-10-02
usual-usd,usd0,Usual USD,96.02,52497803399,110,13749864.0,546721152.8882058,546721152.8882058,110.74,81.88,2026-10-02
fetch-ai,fet,Artificial Superintelligence Alliance,22.33,51699111626,111,15007782326.0,2311508384.055814,2714384546.672,287.87,0.616804,2026-10-02
virtual-protocol,virtual,Virtuals Protocol,78.22,51512951577,112,8090039697.0,658385841.8252224,1000000000.0,434.45,0.622571,2026-10-02
kinesis-gold,kau,Kinesis Gold,12919.85,51502114574,113,6876020.0,3986181.4592,2386227.8342,18851.55,3614.27,2026-10-02
raydium,ray,Raydium,187.63,50650690128,114,4282586548.0,269863602.195736,555000000.0,1237.65,11.13,2026-10-02
ylds,ylds,YLDS,96.12,49873831828,116,5772104403.0,518877158.33,518877158.33,96.99,87.62,2026-10-02
bianrensheng,币安人生,币安人生 (BinanceLife),49.82,49848789629,115,421485471.0,1000000000.0,1000000000.0,85.28,3.63,2026-10-02
true-usd,tusd,TrueUSD,96.12,47535913604,117,1322186763.0,494515083.0,494515083.0,112.93,64.32,2026-10-02
usdtb,usdtb,USDtb,96.13,47364974344,118,9176080.0,492725712.6561826,492725712.6561826,96.91,77.41,2026-10-02
sei-network,sei,Sei,6.91,46553621753,119,6651688771.0,6733333333.0,10000000000.0,94.47,3.66,2026-10-02
grass,grass,Grass,66.0,46194070910,120,4160803533.0,699492325.0,1000000000.0,328.41,15.07,2026-10-02
euro-coin,eurc,EURC,108.02,45513334508,121,4208665172.0,421327668.5739902,423422760.8925712,112.72,4.35,2026-10-02
a7a5,a7a5,A7A5,1.13,44277225858,122,104380.0,39237341548.10074,39237548476.40073,20.14,0.00091492,2026-10-02
celestia,tia,Celestia,45.27,44135412417,123,8052803417.0,975886836.253246,1178464142.022703,1730.96,25.29,2026-10-02
plasma,xpl,Plasma,9.51,42998057703,124,5663606816.0,4533333333.3333,10000000000.0,149.21,5.75,2026-10-02
pendle,pendle,Pendle,234.96,40810002221,125,6109727485.0,173632510.94553822,281527448.4585314,625.59,2.73,2026-10-02
spx6900,spx,SPX6900,43.25,40277338591,126,630804141.0,930987187.3299134,930987187.3299134,196.84,0.109402,2026-10-02
bitcoin-cash-sv,bsv,Bitcoin SV,1927.39,38669489738,128,288130498.0,20091403.125,20091600.0,36495.0,990.23,2026-10-02
derive,drv,Derive,38.72,38652067760,127,1962479811.0,999651632.5499792,1500000000.0,48.85,1.068,2026-10-02
falcon-finance-ff,ff,Falcon Finance,11.54,38588731186,129,532067080.0,3343055555.0,10000000000.0,68.38,5.45,2026-10-02
monad,mon,Monad,3.23,38176897882,130,8942058427.0,11825165000.0,100682925000.0,4.36,1.48,2026-10-02
pieverse,pieverse,Pieverse,133.28,36623684990,131,295792165.0,274750000.0,1000000000.0,190.03,10.59,2026-10-02
lido-dao,ldo,Lido DAO,43.87,36394071683,132,5376512400.0,829567764.2043006,1000000000.0,543.56,22.2,2026-10-02
pearl-2,prl,Pearl,109.53,36388468492,133,376528245.0,332203113.3482476,2100000000.0,168.19,13.51,2026-10-02
bittorrent,btt,BitTorrent,3.609e-05,35616311640,134,1126999545.0,987037885840674.8,990000000000000.0,0.00025579,2.414e-05,2026-10-02
kite-2,kite,Kite,14.43,34504623985,135,1979844007.0,2391196012.0,10000000000.0,29.33,5.48,2026-10-02
pons,pons,Pons,50.52,34437653765,136,3577054137.0,681724299.1597174,681752147.7628574,91.7,0.319844,2026-10-02
tezos,xtz,Tezos,30.98,34008315002,137,833481612.0,1097687388.67757,1117657821.685754,676.89,18.29,2026-10-02
unibase,ub,Unibase,13.34,33350896338,138,1022464221.0,2500000000.0,10000000000.0,23.38,0.909123,2026-10-02
usdai,usdai,USDai,96.18,33275202110,139,256426047.0,345955902.66272795,346405645.4552136,104.92,68.25,2026-10-02
bonk,bonk,Bonk,0.00037585,33048405489,140,4883896489.0,87994374942476.2,87994374942476.2,0.00491619,7.14e-06,2026-10-02
backpack,bp,Backpack,130.95,32747157289,141,2164867653.0,250000000.0,1000000000.0,158.08,11.24,2026-10-02
sofiusd,sofid,SoFiUSD,95.98,31749357867,142,1147550709.0,330808795.21,330808795.21,96.82,94.14,2026-10-02
sun-token,sun,Sun Token,1.64,31600909927,143,1314574657.0,19222181989.37517,19900730000.0,4880.96,0.374246,2026-10-02
janus-henderson-anemoy-treasury-fund,jtrsy,Janus Henderson Anemoy Treasury Fund,107.47,31360310747,144,0.0,291807107.730094,291807107.730094,107.7,95.98,2026-10-02
first-digital-usd,fdusd,First Digital USD,96.05,31218064837,145,13387293547.0,325042596.910496,325042596.910496,100.07,78.29,2026-10-02
decred,dcr,Decred,1766.89,31160266988,146,148342277.0,17629199.78156046,17629388.49731432,18443.33,29.25,2026-10-02
the-graph,grt,The Graph,2.81,30811915563,147,1561102470.0,10941320353.043917,11612995353.0437,206.81,1.24,2026-10-02
ousg,ousg,Ondo Short-Term U.S. Government Bond Fund,11224.28,30737186390,148,0.0,2738455.144767378,2738455.144767378,11248.65,7844.42,2026-10-02
hash-2,hash,Provenance Blockchain,0.524723,30728700053,149,677935.0,58561640302.0,94978475357.64638,5.31,0.397907,2026-10-02
apxusd,apxusd,apxUSD,95.34,30576190726,150,91648424.0,320698767.6594533,320698767.6594533,96.95,67.67,2026-10-02
starknet,strk,Starknet,4.12,30561293517,151,3130002136.0,7421949505.848546,10000000000.0,366.16,2.13,2026-10-02
gnosis,gno,Gnosis,11512.98,30395351093,152,186750105.0,2639589.0,3000000.0,47603.0,519.75,2026-10-02
optimism,op,Optimism,12.76,29316482621,153,9296349280.0,2299624975.0,4294967296.0,401.58,7.72,2026-10-02
olympus,ohm,Olympus,1955.27,29221337733,154,7097008.0,14939262.280564522,19823045.1403943,121096.0,616.08,2026-10-02
doublezero,2z,DoubleZero,5.64,28912693422,155,1275189784.0,5121498138.4,9998069891.4,79.28,4.3,2026-10-02
ethereum-name-service,ens,Ethereum Name Service,678.59,28697135429,156,1515111553.0,42267014.20143092,100000000.0,6205.48,361.17,2026-10-02
re-protocol-reusd,reusd,Re Protocol reUSD,106.16,28626130796,157,563465060.0,269640569.9245475,269440016.9245475,106.43,75.07,2026-10-02
terra-luna,lunc,Terra Luna Classic,0.00511161,28198933881,158,887532976.0,5516185130228.837,6447225803838.415,8974.09,7.733e-05,2026-10-02
jito-governance-token,jto,Jito,53.28,28125974537,159,2528367374.0,527779716.6,1000000000.0,501.19,19.7,2026-10-02
conflux-token,cfx,Conflux,5.28,27698025291,160,639546814.0,5243556444.14,5244138873.06,123.22,1.82,2026-10-02
arweave,ar,Arweave,419.35,27539816947,161,1905763973.0,65652466.0,65652466.0,6640.2,21.36,2026-10-02
syrup,syrup,Maple Finance,23.22,27093209035,162,1347133387.0,1167271959.1810675,1244677492.511099,56.23,7.31,2026-10-02
floki,floki,FLOKI,0.00272785,26303934730,163,2097281406.0,9643112692798.451,9643112692798.451,0.02877055,6.26e-06,2026-10-02
ape-and-pepe,apepe,Ape and Pepe,0.00012331,25894449113,164,1304841549.0,210000000000000.0,210000000000000.0,0.00058203,5.75e-05,2026-10-02
jasmycoin,jasmy,JasmyCoin,0.521529,25792790835,165,4541748609.0,49444999677.59027,50000000000.0,347.8,0.227783,2026-10-02
zebec-network,zbcn,Zebec Network,0.253894,25405607147,166,898097248.0,99998768825.39131,99998768825.39131,0.59785,0.058786,2026-10-02
thorchain,rune,THORChain,76.32,25078177929,167,3771259555.0,328591411.0,353908486.0,1525.95,0.601495,2026-10-02
iota,iota,IOTA,5.35,25005606614,168,1141231139.0,4673291998.0,4994922684.0,336.22,2.97,2026-10-02
dogwifcoin,wif,dogwifhat,24.56,24530953540,169,9028306508.0,998926392.0,998926392.0,402.36,0.129643,2026-10-02
eigenlayer,eigen,EigenCloud (prev. EigenLayer),25.04,24267463564,170,3506133780.0,969024551.0099299,1849558131.879467,479.53,13.79,2026-10-02
useless-3,useless,Useless Coin,24.07,24029648753,171,2785512259.0,999940362.02,999940362.02,38.58,0.446078,2026-10-02
trust-wallet-token,twt,Trust Wallet,57.0,23751948182,172,887833912.0,416649900.0,1000000000.0,224.28,0.209814,2026-10-02
compound-governance-token,comp,Compound,2357.23,23570099569,173,1704211339.0,10000000.0,10000000.0,62696.0,1374.36,2026-10-02
apenft,nft,AINFT,2.307e-05,22845329757,174,610702336.0,990105592982874.8,990105592982874.8,0.00054965,2.182e-05,2026-10-02
kaia,kaia,Kaia,3.52,22616785997,175,773992479.0,6433861143.843978,6434031770.974706,34.46,2.07,2026-10-02
kamino,kmno,Kamino,3.97,22475399986,176,951110231.0,5660274322.75,9999956783.017273,21.02,1.28,2026-10-02
crvusd,crvusd,crvUSD,96.07,22216264199,177,1615561127.0,231229495.45449078,231578327.8797028,97.04,78.57,2026-10-02
theta-token,theta,Theta Network,21.73,21733479716,178,515981149.0,1000000000.0,1000000000.0,1170.34,2.96,2026-10-02
collector-crypt,cards,Collector Crypt,24.14,21648829222,179,2042942400.0,897126447.2157571,1974159587.650464,33.67,1.87,2026-10-02
kinesis-silver,kag,Kinesis Silver,5872.76,21518535667,180,20453742.0,3664037.1286,3777096.9336,11907.44,362.2,2026-10-02
bnb48-club-token,koge,KOGE,6318.95,21358086670,181,1372660.0,3379997.6,3379997.6,13525.21,87.17,2026-10-02
axie-infinity,axs,Axie Infinity,120.78,21105026792,182,5851750324.0,174806933.00134403,270000000.0,12233.95,9.17,2026-10-02
agora-dollar,ausd,AUSD,96.11,20966663853,183,547311800.0,218148511.719908,220176012.686236,96.96,80.49,2026-10-02
frax,frax,Legacy Frax Dollar,95.41,20924770805,184,16137280.0,219310245.87260038,219310245.8726003,157.66,23.64,2026-10-02
convex-finance,cvx,Convex Finance,224.44,20914384769,185,1698769829.0,93194518.49512771,99993015.87972511,4477.35,98.19,2026-10-02
usx,usx,USX,96.09,20452937403,186,212728957.0,212858794.546464,212858794.546464,116.47,74.4,2026-10-02
safo,safo,Spiko Amundi Overnight Swap Fund,98.32,20263755127,187,0.0,206105815.48266,206105815.48266,98.53,96.08,2026-10-02
mina-protocol,mina,Mina Protocol,15.52,20098578025,188,2212499751.0,1293631019.840039,1293631019.840039,659.2,3.47,2026-10-02
decentraland,mana,Decentraland,10.12,19834051759,189,8336463995.0,1958329527.8932714,2193179327.320146,435.95,0.597438,2026-10-02
tradable-na-rent-financing-platform-sstn,pc0000031,Tradable NA Rent Financing Platform SSTN,96.14,19467389948,190,0.0,202500000.0,202500000.0,16222235239.0,85.22,2026-10-02
grx-chain,grx,GRX Chain,2034.67,19355047896,191,322746966.0,9512395.0,9998039.0,2054.34,78.61,2026-10-02
stonk-3,stonk,STONK,23.97,19329817801,192,2178469978.0,805851858.9775287,805809476.2756808,38.43,0.166157,2026-10-02
zama,zama,Zama,7.56,19263936340,193,1145815697.0,2547018659.2069583,11313374436.93133,10.27,1.52,2026-10-02
akash-network,akt,Akash Network,64.57,19257018676,194,676890639.0,298333532.538285,298407950.362244,593.39,13.49,2026-10-02
bedrock-token,br,Bedrock,64.49,19131657691,195,397056401.0,296666666.0,1000000000.0,129.55,3.35,2026-10-02
the-sandbox,sand,The Sandbox,6.35,18645593843,196,24437230775.0,2937639702.3733225,3000000000.0,625.46,2.16,2026-10-02
shuffle-2,shfl,Shuffle,37.46,18200688825,197,280038017.0,485742073.23611915,920031317.540615,68.95,11.99,2026-10-02
origintrail,trac,OriginTrail,40.71,18151338847,198,2511004272.0,447274118.0,500000000.0,261.16,0.290873,2026-10-02
societe-generale-forge-eurcv,eurcv,EUR CoinVertible,108.02,18123052451,200,3330557358.0,167780470.33,167780470.33,112.96,85.24,2026-10-02
chain-2,xcn,Onyxcoin,0.458456,18120520701,199,600541602.0,39531614357.44513,53402422627.324425,14.28,0.058676,2026-10-02
fartcoin,fartcoin,Fartcoin,17.92,17919472629,201,3490967962.0,999917449.660277,999917448.811872,214.63,1.68,2026-10-02
neo,neo,NEO,251.57,17755016082,202,702000308.0,70530000.0,100000000.0,12603.37,5.22,2026-10-02
usa,usat,USAT,96.07,17610983449,203,35019543.0,183317585.5,183317585.5,96.94,90.01,2026-10-02
non-playable-coin,npc,Non-Playable Coin,2.17,17433279176,204,282924721.0,8050126520.0,8050126520.0,5.58,0.00378388,2026-10-02
railgun,rail,Railgun,287.24,17244379876,205,164025073.0,60000000.0,60000000.0,502.01,18.58,2026-10-02
meteora,met,Meteora,30.54,17023430246,206,1640497405.0,557348007.059353,997732329.661307,60.33,9.01,2026-10-02
chiliz,chz,Chiliz,1.61,16965549973,207,2306897045.0,10544199836.0,10544199836.0,63.87,0.290329,2026-10-02
edgex,edge,edgeX,47.98,16847318057,208,290130887.0,350000000.0,1000000000.0,148.31,22.61,2026-10-02
build-on,b,BUILDon,16.85,16845015442,209,355168926.0,1000000000.0,1000000000.0,73.03,7.36,2026-10-02
cash-cat,cashcat,Cash Cat,16.93,16733650823,210,1284913094.0,987874689.0836214,987874689.0836214,29.74,0.152663,2026-10-02
swissborg,borg,SwissBorg,17.02,16702728824,211,38032676.0,981352443.442,981352443.442,120.97,0.34615,2026-10-02
mx-token,mx,MX,180.22,16550621433,212,533327858.0,91837334.0,409024834.0,487.24,3.02,2026-10-02
apyusd,apyusd,apyUSD,135.29,16365764101,213,35494151.0,120969184.20119697,120969184.2011969,448231.0,91.93,2026-10-02
vision-3,vsn,Vision,4.28,16223888299,214,181220423.0,3795329717.884494,4200000000.0,19.64,2.71,2026-10-02
spiko-us-t-bills-money-market-fund,ustbl,Spiko US T-Bills Money Market Fund,105.53,15950159166,215,0.0,151136231.35884,151136231.35884,105.78,84.8,2026-10-02
ecash,xec,eCash,0.00078875,15847312916,216,477751772.0,20091376547580.0,20091448422580.0,0.02773893,0.00045307,2026-10-02
vaulta,a,Vaulta,9.39,15688997103,217,582960379.0,1670664289.8397,2100000000.0,66.55,5.47,2026-10-02
immutable-x,imx,Immutable,17.31,15664697577,218,1386283483.0,904472049.1198142,2000000000.0,709.31,9.07,2026-10-02
tradable-apac-diversified-finance-provider-sstn,pc0000033,Tradable APAC Diversified Finance Provider SSTN,96.14,15621979588,219,0.0,162500000.0,162500000.0,96.9,85.32,2026-10-02
coco-2,coco,coco,15.54,15546795525,220,3441534.0,1000000000.0,1000000000.0,33.53,0.169562,2026-10-02
btse-token,btse,BTSE Token,95.06,15402377051,222,18859359.0,162061501.0,200000000.0,702.29,5.49,2026-10-02
apecoin,ape,ApeCoin,15.36,15372112106,221,1726048770.0,1000000000.0,1000000000.0,2044.73,7.58,2026-10-02
gmt-token,gomining,GoMining Token,38.02,15314027836,223,1675562725.0,402942408.6324701,402942408.6324701,48.04,5.65,2026-10-02
strategy-pp-variable-xstock,strcx,Strategy PP Variable xStock,10287.54,15049309429,224,21673753.0,1462833.5989318092,2865706.968146418,13368.79,6911.7,2026-10-02
artificial-inu-3,ai,Artificial Inu,15.06,14947347248,225,2463188790.0,991203789.8409551,991203789.8409551,36.93,0.101507,2026-10-02
sonic-3,s,Sonic,3.79,14752340423,226,2799674188.0,3885497663.0,3885497663.0,88.3,1.8,2026-10-02
sentient,sent,Sentient,2.04,14735491145,227,495517844.0,7237882055.0,34359738368.0,4.41,1.081,2026-10-02
safepal,sfp,SafePal,29.44,14716162605,228,119290107.0,500000000.0,500000000.0,305.14,18.97,2026-10-02
ultima,ultima,Ultima,172009.0,14564619937,229,807503847.0,84708.0,100000.0,1983633.0,149979.0,2026-10-02
aioz-network,aioz,AIOZ Network,11.27,14454368272,230,759425154.0,1281464390.6843812,1281747105.53341,194.51,0.912215,2026-10-02
humanity,h,Humanity,6.79,14408205599,231,210856712.0,2120466197.4329996,10000000000.0,81.26,1.55,2026-10-02
gusd,gusd,GUSD,95.96,14374304122,232,165333986.0,149790000.0,320000000.0,96.84,86.82,2026-10-02
1inch,1inch,1INCH,10.09,14179856033,234,826694679.0,1405573965.7275033,1499999999.997,648.39,6.14,2026-10-02
havven,snx,Synthetix,24.4,14176516563,233,776472987.0,580980590.4572881,581404223.5556631,2071.19,2.42,2026-10-02
superfarm,super,SuperVerse,21.66,14104916713,235,4340406717.0,650164549.0,1000000000.0,347.99,5.86,2026-10-02
zksync,zk,ZKsync,1.3,14082084728,237,2744215551.0,10816539153.0,21000000000.0,26.81,0.679631,2026-10-02
basic-attention-token,bat,Basic Attention,9.39,14050359413,236,898279279.0,1495724656.9526057,1500000000.0,142.64,4.66,2026-10-02
stp-network,awe,AWE Network,7.11,13807065998,238,135931283.0,1942420282.5203903,1942420282.5203903,20.2,0.456977,2026-10-02
elrond-erd-2,egld,MultiversX,444.24,13714126765,239,315140591.0,30870098.0,30870098.0,40604.0,229.12,2026-10-02
celium,sn51,lium,2807.34,13498445856,240,164662989.0,4808160.989188657,4808160.989188657,3198.81,15.44,2026-10-02
circle-internet-group-bstock,crclb,Circle Internet Group (bStocks Tokenized Stock),8160.74,13117083043,241,2551883537.0,1607301.13533291,1608067.80784469,9975.39,5544.88,2026-10-02
dgrid-ai,dgai,DGrid AI,87.22,13084332546,242,1881393962.0,149999999.99900007,1000000000.0,108.97,34.88,2026-10-02
instadapp,fluid,Fluid,155.8,13043233036,243,237696199.0,83696996.82034639,100000000.0,1799.83,30.33,2026-10-02
meta-2-2,meta,MetaDAO,574.4,13030572500,244,165072893.0,22684686.324871,22684686.324871,972.68,63.37,2026-10-02
jpycoin,jpyc,JPY Coin,0.60628,12904856352,245,93949516.0,21285482436.95474,21285482436.95474,2.06,0.502014,2026-10-02
chutes,sn64,Chutes,2118.29,12862108416,246,53869834.0,6071789.116320483,6071789.116320483,8937.54,32.35,2026-10-02
zencash,zen,Horizen,690.22,12708565820,247,1179426518.0,18406455.728282973,21000000.0,12160.33,216.39,2026-10-02
cash-4,cash,CASH,96.09,12644883661,248,1051968541.0,131588435.784776,131588435.784776,96.92,86.47,2026-10-02
soon-2,soon,SOON,37.13,12622723198,249,6980450983.0,339791742.36,11010339693.50892,381.39,9.33,2026-10-02
golem,glm,Golem,12.54,12540741325,250,167020733.0,1000000000.0,1000000000.0,86.4,0.613205,2026-10-02
bitcoin,btc,Bitcoin,8295633.0,166696360627599,1,3783282025507.0,20092375.0,20092384.0,11187013.0,3993.42,2026-10-02
ethereum,eth,Ethereum,263705.0,32200380712378,2,1511559056424.0,122098689.50213154,122098689.5021315,431946.0,28.13,2026-10-02
tether,usdt,Tether,96.11,17691123937520,3,6981507016527.0,184057713983.93323,189524660047.5562,105.52,36.86,2026-10-02
binancecoin,bnb,BNB,74592.0,9932999719227,4,78971084291.0,133159312.52,133159303.71,121422.0,2.58,2026-10-02
ripple,xrp,XRP,147.99,9336850458159,5,286124857114.0,63092975951.0,99985612577.0,313.99,0.159343,2026-10-02
usd-coin,usdc,USDC,96.12,7113629333945,6,2144570932988.0,74003236641.03654,73996647926.85109,96.99,65.31,2026-10-02
solana,sol,Solana,11720.38,6893001696407,7,422689211517.0,588075337.5285048,635073002.6600933,25396.0,38.03,2026-10-02
tron,trx,TRON,32.2,3058051494387,8,35957053027.0,94976612551.81999,94977910377.9578,36.53,0.117589,2026-10-02
figure-heloc,figr_heloc,Figure Heloc,98.27,2299410853358,9,1574162136.0,23399762227.818,23399762227.818,101.84,13.78,2026-10-02
zcash,zec,Zcash,132846.0,2253828713280,10,119611059681.0,16960081.4155448,16964023.6030448,211171.0,1342.38,2026-10-02
hyperliquid,hype,Hyperliquid,8742.11,1945012499753,11,88798706726.0,222445714.07414138,955307079.4341414,9368.5,321.88,2026-10-02
dogecoin,doge,Dogecoin,9.29,1451045221284,12,82837256053.0,156154276383.7052,156156346383.7052,53.62,0.00552883,2026-10-02
chainlink,link,Chainlink,1384.76,1036000369273,13,47098120648.0,748099970.424884,1000000000.0,3862.15,9.55,2026-10-02
monero,xmr,Monero,52427.0,986870944032,14,11691455120.0,18812242.250365086,18812287.84977191,72026.0,13.57,2026-10-02
whitebit,wbt,WhiteBIT Coin,8268.66,982495290604,15,11470372350.0,118819745.0,293389244.0,8421.2,245.71,2026-10-02
usds,usds,USDS,96.11,955928035903,16,24812177711.0,9946471845.618187,9952236860.552437,96.98,79.67,2026-10-02
cardano,ada,Cardano,24.62,924136220891,17,54273675212.0,37541298084.960144,45000000000.0,225.26,1.38,2026-10-02
rain,rain,Rain,1.12,794151721907,18,2288942546.0,709250252593.093,1142408526965.963,1.85,0.196087,2026-10-02
leo-token,leo,LEO Token,861.88,792818174464,19,27882071.0,919857851.9,985239504.0,1008.66,56.97,2026-10-02
stellar,xlm,Stellar,21.63,758090527215,20,22965683166.0,35040040738.21158,50001786839.69947,55.54,0.02966141,2026-10-02
near,near,NEAR Protocol,469.7,614026484409,21,122067764021.0,1307873756.0,1307873762.0,1518.16,39.17,2026-10-02
bitcoin-cash,bch,Bitcoin Cash,30421.0,611619735700,22,23123630553.0,20097324.89665076,20097340.52165076,242198.0,5536.54,2026-10-02
uniswap,uni,Uniswap,868.29,542946884353,23,59348141480.0,625268422.6104751,887516418.9163101,3333.06,75.81,2026-10-02
litecoin,ltc,Litecoin,6703.47,520568275919,24,36529332131.0,77670260.8217404,77673160.8296346,30082.0,72.12,2026-10-02
avalanche-2,avax,Avalanche,1072.45,475335055467,25,44769093753.0,443176938.9007337,469845805.7289045,10772.35,204.63,2026-10-02
ethena-usde,usde,Ethena USDe,96.11,471380778519,26,3405084682.0,4904466489.662967,4904560353.720665,96.98,78.05,2026-10-02
canton-network,cc,Canton,11.74,467127844223,27,1719105208.0,39740505152.82366,39741422195.69073,17.72,5.31,2026-10-02
sui,sui,Sui,113.1,465878001592,28,76750132664.0,4118270447.6403894,10000000000.0,458.6,30.36,2026-10-02
hedera-hashgraph,hbar,Hedera,10.11,445362129976,29,16420457189.0,43997753975.857605,50000000000.0,41.81,0.703644,2026-10-02
dai,dai,Dai,96.13,440983928584,30,39246595266.0,4587545593.367843,4619754252.040674,104.44,64.85,2026-10-02
usd1-wlfi,usd1,USD1,96.09,424572982041,31,101218085750.0,4418501460.431535,4418501460.431535,100.02,83.75,2026-10-02
the-open-network,gram,Gram (prev. Toncoin),149.43,421134247701,32,5212625160.0,2818047357.4327154,5259203527.005715,689.6,38.25,2026-10-02
bitway,btw,Bitway,138.5,374932907418,33,2585167333.0,2708142280.000001,10000000000.0,142.76,0.842049,2026-10-02
bittensor,tao,Bittensor,29839.0,338409771404,34,22744473190.0,11339645.9251,21000000.0,62722.0,2535.93,2026-10-02
shiba-inu,shib,Shiba Inu,0.00056663,333867886914,35,9828570345.0,589238865672620.0,589496063961009.6,0.00645756,4.169e-09,2026-10-02
crypto-com-chain,cro,Cronos,6.67,332021644577,36,1342527333.0,49756600083.77772,98956583198.19203,66.37,0.864137,2026-10-02
tether-gold,xaut,Tether Gold,401957.0,325192532114,37,21157198472.0,808994.63,827417.63,506656.0,108167.0,2026-10-02
quant-network,qnt,Quant,22222.0,323171580912,38,42518647695.0,14544176.164081175,14612493.0,34322.0,15.06,2026-10-02
global-dollar,usdg,Global Dollar,96.14,305114994254,39,83230839604.0,3173645165.517037,3173745134.336116,143.35,76.61,2026-10-02
paypal-usd,pyusd,PayPal USD,96.14,275510107991,40,10610160767.0,2865863495.4876432,2865863495.487643,96.97,80.95,2026-10-02
aave,aave,Aave,17739.92,273978087795,41,67135454610.0,15434997.596186722,16000000.0,48387.0,1933.39,2026-10-02
pump-fun,pump,Pump.fun,0.561295,261073933249,42,57559059792.0,464927020902.7715,830430241087.0863,0.77853,0.10906,2026-10-02
okb,okb,OKB,11747.52,246796385340,43,2150241530.0,21000000.0,21000000.0,20297.0,40.86,2026-10-02
ripple-usd,rlusd,Ripple USD,96.14,241281505070,44,24133045763.0,2509774082.0172095,2508918019.017206,97.01,81.72,2026-10-02
ethena,ena,Ethena,23.76,240014865902,45,56583501207.0,10095312500.0,15000000000.0,126.48,6.64,2026-10-02
ondo-finance,ondo,Ondo,48.89,237995679994,46,24467044425.0,4869330647.0,10000000000.0,181.52,6.83,2026-10-02
hashnote-usyc,usyc,Circle USYC,109.5,231253954359,47,0.0,2111916940.477755,2111916940.477755,109.75,86.89,2026-10-02
memecore,m,MemeCore,101.1,230612866291,48,116249198.0,2281725727.615356,5420700053.399432,536.04,4.05,2026-10-02
ondo-us-dollar-yield,usdy,Ondo US Dollar Yield,110.14,218814434959,49,351283716.0,1986442681.7572312,1989145747.758101,110.7,77.42,2026-10-02
blackrock-usd-institutional-digital-liquidity-fund,buidl,BlackRock USD Institutional Digital Liquidity Fund,96.14,217520128086,50,0.0,2262646716.187649,2262646716.187649,96.9,83.81,2026-10-02
mantle,mnt,Mantle,64.91,214351997892,51,3102689956.0,3302003382.53684,6219316794.889999,253.43,25.64,2026-10-02
sky,sky,Sky,8.53,200058288206,52,3654446255.0,23422717430.57867,23459804203.60596,8.76,3.12,2026-10-02
polkadot,dot,Polkadot,117.21,199907666844,53,16744438916.0,1705455554.8948014,1705473292.618701,4095.22,69.59,2026-10-02
worldcoin-wld,wld,Worldcoin,51.78,196198283643,54,48338215607.0,3793753211.141162,10000000000.0,971.56,22.02,2026-10-02
aster-2,aster,Aster,71.86,194733828463,55,10651352565.0,2710487455.6497307,7795741639.234234,213.7,8.76,2026-10-02
pepe,pepe,Pepe,0.00043572,183490454592,56,39775461403.0,420690000000000.0,420690000000000.0,0.00237833,4.52e-06,2026-10-02
morpho,morpho,Morpho,254.01,177797796180,57,3537626407.0,699903176.1561837,1000000000.0,361.23,60.2,2026-10-02
pax-gold,paxg,PAX Gold,402362.0,175076960056,58,13530272046.0,435070.590539,435070.590539,516779.0,100361.0,2026-10-02
internet-computer,icp,Internet Computer,313.78,174798786844,59,5540563146.0,557007092.9153376,557007382.8045111,51433.0,183.62,2026-10-02
world-liberty-financial,wlfi,World Liberty Financial,5.38,170825816488,60,3300906447.0,31778337976.0,100000000000.0,29.22,4.61,2026-10-02
falcon-finance,usdf,Falcon USD,95.75,149533593711,61,29851618.0,1561607327.2652395,1609990603.515033,96.82,80.47,2026-10-02
htx-dao,htx,HTX DAO,0.00016424,147445924299,62,7441990651.0,898232728634017.2,898232728634017.2,0.00031771,6.739e-05,2026-10-02
usdd,usdd,USDD,96.1,145606932997,63,337133020.0,1515152604.0,1514900269.0,118.56,72.35,2026-10-02
united-stables,u,United Stables,96.06,144243546454,64,14086820446.0,1501671534.63,1525661534.63,96.99,86.73,2026-10-02
spiko-amundi-overnight-swap-fund-eur,eursafo,Spiko Amundi Overnight Swap Fund (EUR),109.53,143276878662,65,0.0,1308054511.7182,1308054511.7182,113.39,109.49,2026-10-02
venice-token,vvv,Venice Token,2894.0,139870857963,66,5335594215.0,48289140.551073596,81087174.98963824,3309.14,82.42,2026-10-02
ethereum-classic,etc,Ethereum Classic,880.14,139358034690,67,6418894868.0,158350715.60090342,158351899.3317548,12296.58,41.44,2026-10-02
bitget-token,bgb,Bitget Token,192.23,134574639413,68,1175392442.0,699992029.6481037,910920874.6481038,722.65,1.081,2026-10-02
arbitrum,arb,Arbitrum,19.63,133207431668,69,18674161832.0,6785574605.0,10000000000.0,198.19,6.65,2026-10-02
bfusd,bfusd,BFUSD,96.07,126809534463,70,155337205.0,1320000000.0,1320000000.0,96.89,86.85,2026-10-02
usdgo,usdgo,USDGO,96.14,114859418964,71,7108510918.0,1194633292.97,1194633292.97,97.01,91.54,2026-10-02
gatechain-token,gt,Gate,1072.4,114371773056,72,110323891.0,106648130.11937457,118899493.00505702,2187.52,19.44,2026-10-02
kaspa,kas,Kaspa,4.12,114153572803,73,2242537982.0,27732249762.74345,27733651623.79915,17.36,0.01327337,2026-10-02
algorand,algo,Algorand,12.53,113572213994,74,16938523219.0,9058106367.9364,9062251796.444874,247.29,7.25,2026-10-02
polygon-ecosystem-token,pol,POL (ex-MATIC),10.52,111806107841,75,7876407476.0,10624572016.540514,10624572016.540512,106.68,6.41,2026-10-02
jupiter-exchange-solana,jup,Jupiter,31.67,105141793085,76,7956473793.0,3319369204.37,6861486492.127128,166.05,12.3,2026-10-02
just,jst,JUST,12.31,100892294373,77,2213692534.0,8188743036.341737,8188743036.341737,14.19,0.359754,2026-10-02
kucoin-shares,kcs,KuCoin,714.81,99834456996,78,933275343.0,139655021.2773955,142155021.2773955,2158.41,24.48,2026-10-02
render-token,render,Render,189.64,98387302795,79,5134850647.0,518776241.28269154,533536414.5626915,1121.89,2.79,2026-10-02
pi-network,pi,Pi Network,8.67,97445627707,80,469025659.0,11243022455.380999,17296957623.66307,260.4,6.77,2026-10-02
blockchain-capital,bcap,Blockchain Capital,10337.42,94195758589,81,0.0,9112111.0,9112111.0,10360.96,1516.02,2026-10-02
lighter,lit,Lighter,365.56,91399958793,82,9182561088.0,250000000.0,1000000000.0,705.52,73.21,2026-10-02
cosmos,atom,Cosmos Hub,167.12,89208637591,83,4115084898.0,533769512.358817,533791855.241772,3233.07,87.61,2026-10-02
nexo,nexo,NEXO,83.19,83171701857,84,309910721.0,1000000000.0,1000000000.0,298.99,3.25,2026-10-02
filecoin,fil,Filecoin,99.24,82695898234,85,12463880277.0,833303530.0,1957017008.0,17367.85,58.59,2026-10-02
pancakeswap-token,cake,PancakeSwap,248.76,82265111647,86,6205696405.0,330679794.05459136,342286106.3820742,3259.75,14.48,2026-10-02
aerodrome-finance,aero,Aerodrome Finance,76.38,76392943001,87,5315068218.0,999990292.4328847,1992844978.458703,196.44,0.0015484,2026-10-02
vechain,vet,VeChain,0.860079,73928947521,88,988874591.0,85985041177.0,85985041177.0,20.95,0.144791,2026-10-02
dash,dash,Dash,5737.63,73733799901,89,9420524983.0,12850774.70616871,12851086.78132121,95552.0,13.82,2026-10-02
stable-2,stable,​​Stable,2.72,72948725276,90,755108332.0,26842993141.0,100000000000.0,4.14,0.827533,2026-10-02
injective-protocol,inj,Injective,723.8,72406195280,91,10560375463.0,100000000.0,100000000.0,4364.19,49.02,2026-10-02
superstate-short-duration-us-government-securities-fund-ustb,ustb,Invesco Short Duration US Government Securities Fund,1079.59,72091109787,92,0.0,66776370.813419,66670756.869989,1082.05,876.83,2026-10-02
akedo,ake,Akedo,3.13,71205359107,93,713253347.0,22796250000.0,100000000000.0,14.08,0.01659934,2026-10-02
midnight-3,night,Midnight,4.28,71038013720,94,9208249588.0,16607399400.634954,24000000000.0,10.66,1.47,2026-10-02
aptos,apt,Aptos,78.9,68720611774,95,7138120134.0,871107277.2034705,1209551814.899507,1622.34,48.75,2026-10-02
ether-fi,ethfi,Ether.fi,70.72,68284983645,96,4884667414.0,965350000.0,965350000.0,711.06,25.42,2026-10-02
gho,gho,GHO,96.06,67145605354,97,379284206.0,699000000.0,699000000.0,96.87,76.18,2026-10-02
blockstack,stx,Stacks,35.47,66307592876,98,5421266254.0,1871098180.301809,1871108880.301809,322.23,3.44,2026-10-02
eutbl,eutbl,Spiko EU T-Bills Money Market Fund,114.51,66007690947,99,0.0,576412363.55825,555742361.39701,118.61,84.72,2026-10-02
xdce-crowd-sale,xdc,XDC Network,3.26,65076985950,100,1706005616.0,19946688440.0,38065686425.1,14.32,0.02721364,2026-10-02
open-usd,ousd,Open USD,96.11,64251352584,101,363979133.0,668499643.93,668499643.93,96.33,95.85,2026-10-02
layerzero,zro,LayerZero,177.19,62551935066,102,16691862219.0,353313325.89,1000000000.0,632.92,67.47,2026-10-02
flare-networks,flr,Flare,0.710749,61885589463,103,333551519.0,87061365438.15585,106669998817.8837,12.35,0.558382,2026-10-02
pudgy-penguins,pengu,Pudgy Penguins,0.953189,59941728424,104,22772812103.0,62860396090.0,76722799736.77728,5.81,0.320882,2026-10-02
pyth-network,pyth,Pyth Network,7.4,58301031836,105,2058684308.0,7874959274.621841,10000000000.0,99.17,2.82,2026-10-02
official-trump,trump,Official Trump,204.81,57719445501,106,21194787905.0,281867936.287634,1000000000.0,6357.94,130.72,2026-10-02
curve-dao-token,crv,Curve DAO,36.6,57500243592,107,6953771677.0,1570769938.0,2422754823.966288,1150.14,15.17,2026-10-02
janus-henderson-anemoy-aaa-clo-fund,jaaa,Janus Henderson Anemoy AAA CLO Fund,100.99,56241373851,108,0.0,556927498.378853,556927498.378853,101.2,89.64,2026-10-02
beldex,bdx,Beldex,7.08,55719363366,109,220435317.0,7870994979.676834,9939718245.38,32.42,0.01949843,2026-10-02
usual-usd,usd0,Usual USD,96.02,52497803399,110,13749864.0,546721152.8882058,546721152.8882058,110.74,81.88,2026-10-02
fetch-ai,fet,Artificial Superintelligence Alliance,22.33,51699111626,111,15007782326.0,2311508384.055814,2714384546.672,287.87,0.616804,2026-10-02
virtual-protocol,virtual,Virtuals Protocol,78.22,51512951577,112,8090039697.0,658385841.8252224,1000000000.0,434.45,0.622571,2026-10-02
kinesis-gold,kau,Kinesis Gold,12919.85,51502114574,113,6876020.0,3986181.4592,2386227.8342,18851.55,3614.27,2026-10-02
raydium,ray,Raydium,187.63,50650690128,114,4282586548.0,269863602.195736,555000000.0,1237.65,11.13,2026-10-02
ylds,ylds,YLDS,96.12,49873831828,116,5772104403.0,518877158.33,518877158.33,96.99,87.62,2026-10-02
bianrensheng,币安人生,币安人生 (BinanceLife),49.82,49848789629,115,421485471.0,1000000000.0,1000000000.0,85.28,3.63,2026-10-02
true-usd,tusd,TrueUSD,96.12,47535913604,117,1322186763.0,494515083.0,494515083.0,112.93,64.32,2026-10-02
usdtb,usdtb,USDtb,96.13,47364974344,118,9176080.0,492725712.6561826,492725712.6561826,96.91,77.41,2026-10-02
sei-network,sei,Sei,6.91,46553621753,119,6651688771.0,6733333333.0,10000000000.0,94.47,3.66,2026-10-02
grass,grass,Grass,66.0,46194070910,120,4160803533.0,699492325.0,1000000000.0,328.41,15.07,2026-10-02
euro-coin,eurc,EURC,108.02,45513334508,121,4208665172.0,421327668.5739902,423422760.8925712,112.72,4.35,2026-10-02
a7a5,a7a5,A7A5,1.13,44277225858,122,104380.0,39237341548.10074,39237548476.40073,20.14,0.00091492,2026-10-02
celestia,tia,Celestia,45.27,44135412417,123,8052803417.0,975886836.253246,1178464142.022703,1730.96,25.29,2026-10-02
plasma,xpl,Plasma,9.51,42998057703,124,5663606816.0,4533333333.3333,10000000000.0,149.21,5.75,2026-10-02
pendle,pendle,Pendle,234.96,40810002221,125,6109727485.0,173632510.94553822,281527448.4585314,625.59,2.73,2026-10-02
spx6900,spx,SPX6900,43.25,40277338591,126,630804141.0,930987187.3299134,930987187.3299134,196.84,0.109402,2026-10-02
bitcoin-cash-sv,bsv,Bitcoin SV,1927.39,38669489738,128,288130498.0,20091403.125,20091600.0,36495.0,990.23,2026-10-02
derive,drv,Derive,38.72,38652067760,127,1962479811.0,999651632.5499792,1500000000.0,48.85,1.068,2026-10-02
falcon-finance-ff,ff,Falcon Finance,11.54,38588731186,129,532067080.0,3343055555.0,10000000000.0,68.38,5.45,2026-10-02
monad,mon,Monad,3.23,38176897882,130,8942058427.0,11825165000.0,100682925000.0,4.36,1.48,2026-10-02
pieverse,pieverse,Pieverse,133.28,36623684990,131,295792165.0,274750000.0,1000000000.0,190.03,10.59,2026-10-02
lido-dao,ldo,Lido DAO,43.87,36394071683,132,5376512400.0,829567764.2043006,1000000000.0,543.56,22.2,2026-10-02
pearl-2,prl,Pearl,109.53,36388468492,133,376528245.0,332203113.3482476,2100000000.0,168.19,13.51,2026-10-02
bittorrent,btt,BitTorrent,3.609e-05,35616311640,134,1126999545.0,987037885840674.8,990000000000000.0,0.00025579,2.414e-05,2026-10-02
kite-2,kite,Kite,14.43,34504623985,135,1979844007.0,2391196012.0,10000000000.0,29.33,5.48,2026-10-02
pons,pons,Pons,50.52,34437653765,136,3577054137.0,681724299.1597174,681752147.7628574,91.7,0.319844,2026-10-02
tezos,xtz,Tezos,30.98,34008315002,137,833481612.0,1097687388.67757,1117657821.685754,676.89,18.29,2026-10-02
unibase,ub,Unibase,13.34,33350896338,138,1022464221.0,2500000000.0,10000000000.0,23.38,0.909123,2026-10-02
usdai,usdai,USDai,96.18,33275202110,139,256426047.0,345955902.66272795,346405645.4552136,104.92,68.25,2026-10-02
bonk,bonk,Bonk,0.00037585,33048405489,140,4883896489.0,87994374942476.2,87994374942476.2,0.00491619,7.14e-06,2026-10-02
backpack,bp,Backpack,130.95,32747157289,141,2164867653.0,250000000.0,1000000000.0,158.08,11.24,2026-10-02
sofiusd,sofid,SoFiUSD,95.98,31749357867,142,1147550709.0,330808795.21,330808795.21,96.82,94.14,2026-10-02
sun-token,sun,Sun Token,1.64,31600909927,143,1314574657.0,19222181989.37517,19900730000.0,4880.96,0.374246,2026-10-02
janus-henderson-anemoy-treasury-fund,jtrsy,Janus Henderson Anemoy Treasury Fund,107.47,31360310747,144,0.0,291807107.730094,291807107.730094,107.7,95.98,2026-10-02
first-digital-usd,fdusd,First Digital USD,96.05,31218064837,145,13387293547.0,325042596.910496,325042596.910496,100.07,78.29,2026-10-02
decred,dcr,Decred,1766.89,31160266988,146,148342277.0,17629199.78156046,17629388.49731432,18443.33,29.25,2026-10-02
the-graph,grt,The Graph,2.81,30811915563,147,1561102470.0,10941320353.043917,11612995353.0437,206.81,1.24,2026-10-02
ousg,ousg,Ondo Short-Term U.S. Government Bond Fund,11224.28,30737186390,148,0.0,2738455.144767378,2738455.144767378,11248.65,7844.42,2026-10-02
hash-2,hash,Provenance Blockchain,0.524723,30728700053,149,677935.0,58561640302.0,94978475357.64638,5.31,0.397907,2026-10-02
apxusd,apxusd,apxUSD,95.34,30576190726,150,91648424.0,320698767.6594533,320698767.6594533,96.95,67.67,2026-10-02
starknet,strk,Starknet,4.12,30561293517,151,3130002136.0,7421949505.848546,10000000000.0,366.16,2.13,2026-10-02
gnosis,gno,Gnosis,11512.98,30395351093,152,186750105.0,2639589.0,3000000.0,47603.0,519.75,2026-10-02
optimism,op,Optimism,12.76,29316482621,153,9296349280.0,2299624975.0,4294967296.0,401.58,7.72,2026-10-02
olympus,ohm,Olympus,1955.27,29221337733,154,7097008.0,14939262.280564522,19823045.1403943,121096.0,616.08,2026-10-02
doublezero,2z,DoubleZero,5.64,28912693422,155,1275189784.0,5121498138.4,9998069891.4,79.28,4.3,2026-10-02
ethereum-name-service,ens,Ethereum Name Service,678.59,28697135429,156,1515111553.0,42267014.20143092,100000000.0,6205.48,361.17,2026-10-02
re-protocol-reusd,reusd,Re Protocol reUSD,106.16,28626130796,157,563465060.0,269640569.9245475,269440016.9245475,106.43,75.07,2026-10-02
terra-luna,lunc,Terra Luna Classic,0.00511161,28198933881,158,887532976.0,5516185130228.837,6447225803838.415,8974.09,7.733e-05,2026-10-02
jito-governance-token,jto,Jito,53.28,28125974537,159,2528367374.0,527779716.6,1000000000.0,501.19,19.7,2026-10-02
conflux-token,cfx,Conflux,5.28,27698025291,160,639546814.0,5243556444.14,5244138873.06,123.22,1.82,2026-10-02
arweave,ar,Arweave,419.35,27539816947,161,1905763973.0,65652466.0,65652466.0,6640.2,21.36,2026-10-02
syrup,syrup,Maple Finance,23.22,27093209035,162,1347133387.0,1167271959.1810675,1244677492.511099,56.23,7.31,2026-10-02
floki,floki,FLOKI,0.00272785,26303934730,163,2097281406.0,9643112692798.451,9643112692798.451,0.02877055,6.26e-06,2026-10-02
ape-and-pepe,apepe,Ape and Pepe,0.00012331,25894449113,164,1304841549.0,210000000000000.0,210000000000000.0,0.00058203,5.75e-05,2026-10-02
jasmycoin,jasmy,JasmyCoin,0.521529,25792790835,165,4541748609.0,49444999677.59027,50000000000.0,347.8,0.227783,2026-10-02
zebec-network,zbcn,Zebec Network,0.253894,25405607147,166,898097248.0,99998768825.39131,99998768825.39131,0.59785,0.058786,2026-10-02
thorchain,rune,THORChain,76.32,25078177929,167,3771259555.0,328591411.0,353908486.0,1525.95,0.601495,2026-10-02
iota,iota,IOTA,5.35,25005606614,168,1141231139.0,4673291998.0,4994922684.0,336.22,2.97,2026-10-02
dogwifcoin,wif,dogwifhat,24.56,24530953540,169,9028306508.0,998926392.0,998926392.0,402.36,0.129643,2026-10-02
eigenlayer,eigen,EigenCloud (prev. EigenLayer),25.04,24267463564,170,3506133780.0,969024551.0099299,1849558131.879467,479.53,13.79,2026-10-02
useless-3,useless,Useless Coin,24.07,24029648753,171,2785512259.0,999940362.02,999940362.02,38.58,0.446078,2026-10-02
trust-wallet-token,twt,Trust Wallet,57.0,23751948182,172,887833912.0,416649900.0,1000000000.0,224.28,0.209814,2026-10-02
compound-governance-token,comp,Compound,2357.23,23570099569,173,1704211339.0,10000000.0,10000000.0,62696.0,1374.36,2026-10-02
apenft,nft,AINFT,2.307e-05,22845329757,174,610702336.0,990105592982874.8,990105592982874.8,0.00054965,2.182e-05,2026-10-02
kaia,kaia,Kaia,3.52,22616785997,175,773992479.0,6433861143.843978,6434031770.974706,34.46,2.07,2026-10-02
kamino,kmno,Kamino,3.97,22475399986,176,951110231.0,5660274322.75,9999956783.017273,21.02,1.28,2026-10-02
crvusd,crvusd,crvUSD,96.07,22216264199,177,1615561127.0,231229495.45449078,231578327.8797028,97.04,78.57,2026-10-02
theta-token,theta,Theta Network,21.73,21733479716,178,515981149.0,1000000000.0,1000000000.0,1170.34,2.96,2026-10-02
collector-crypt,cards,Collector Crypt,24.14,21648829222,179,2042942400.0,897126447.2157571,1974159587.650464,33.67,1.87,2026-10-02
kinesis-silver,kag,Kinesis Silver,5872.76,21518535667,180,20453742.0,3664037.1286,3777096.9336,11907.44,362.2,2026-10-02
bnb48-club-token,koge,KOGE,6318.95,21358086670,181,1372660.0,3379997.6,3379997.6,13525.21,87.17,2026-10-02
axie-infinity,axs,Axie Infinity,120.78,21105026792,182,5851750324.0,174806933.00134403,270000000.0,12233.95,9.17,2026-10-02
agora-dollar,ausd,AUSD,96.11,20966663853,183,547311800.0,218148511.719908,220176012.686236,96.96,80.49,2026-10-02
frax,frax,Legacy Frax Dollar,95.41,20924770805,184,16137280.0,219310245.87260038,219310245.8726003,157.66,23.64,2026-10-02
convex-finance,cvx,Convex Finance,224.44,20914384769,185,1698769829.0,93194518.49512771,99993015.87972511,4477.35,98.19,2026-10-02
usx,usx,USX,96.09,20452937403,186,212728957.0,212858794.546464,212858794.546464,116.47,74.4,2026-10-02
safo,safo,Spiko Amundi Overnight Swap Fund,98.32,20263755127,187,0.0,206105815.48266,206105815.48266,98.53,96.08,2026-10-02
mina-protocol,mina,Mina Protocol,15.52,20098578025,188,2212499751.0,1293631019.840039,1293631019.840039,659.2,3.47,2026-10-02
decentraland,mana,Decentraland,10.12,19834051759,189,8336463995.0,1958329527.8932714,2193179327.320146,435.95,0.597438,2026-10-02
tradable-na-rent-financing-platform-sstn,pc0000031,Tradable NA Rent Financing Platform SSTN,96.14,19467389948,190,0.0,202500000.0,202500000.0,16222235239.0,85.22,2026-10-02
grx-chain,grx,GRX Chain,2034.67,19355047896,191,322746966.0,9512395.0,9998039.0,2054.34,78.61,2026-10-02
stonk-3,stonk,STONK,23.97,19329817801,192,2178469978.0,805851858.9775287,805809476.2756808,38.43,0.166157,2026-10-02
zama,zama,Zama,7.56,19263936340,193,1145815697.0,2547018659.2069583,11313374436.93133,10.27,1.52,2026-10-02
akash-network,akt,Akash Network,64.57,19257018676,194,676890639.0,298333532.538285,298407950.362244,593.39,13.49,2026-10-02
bedrock-token,br,Bedrock,64.49,19131657691,195,397056401.0,296666666.0,1000000000.0,129.55,3.35,2026-10-02
the-sandbox,sand,The Sandbox,6.35,18645593843,196,24437230775.0,2937639702.3733225,3000000000.0,625.46,2.16,2026-10-02
shuffle-2,shfl,Shuffle,37.46,18200688825,197,280038017.0,485742073.23611915,920031317.540615,68.95,11.99,2026-10-02
origintrail,trac,OriginTrail,40.71,18151338847,198,2511004272.0,447274118.0,500000000.0,261.16,0.290873,2026-10-02
societe-generale-forge-eurcv,eurcv,EUR CoinVertible,108.02,18123052451,200,3330557358.0,167780470.33,167780470.33,112.96,85.24,2026-10-02
chain-2,xcn,Onyxcoin,0.458456,18120520701,199,600541602.0,39531614357.44513,53402422627.324425,14.28,0.058676,2026-10-02
fartcoin,fartcoin,Fartcoin,17.92,17919472629,201,3490967962.0,999917449.660277,999917448.811872,214.63,1.68,2026-10-02
neo,neo,NEO,251.57,17755016082,202,702000308.0,70530000.0,100000000.0,12603.37,5.22,2026-10-02
usa,usat,USAT,96.07,17610983449,203,35019543.0,183317585.5,183317585.5,96.94,90.01,2026-10-02
non-playable-coin,npc,Non-Playable Coin,2.17,17433279176,204,282924721.0,8050126520.0,8050126520.0,5.58,0.00378388,2026-10-02
railgun,rail,Railgun,287.24,17244379876,205,164025073.0,60000000.0,60000000.0,502.01,18.58,2026-10-02
meteora,met,Meteora,30.54,17023430246,206,1640497405.0,557348007.059353,997732329.661307,60.33,9.01,2026-10-02
chiliz,chz,Chiliz,1.61,16965549973,207,2306897045.0,10544199836.0,10544199836.0,63.87,0.290329,2026-10-02
edgex,edge,edgeX,47.98,16847318057,208,290130887.0,350000000.0,1000000000.0,148.31,22.61,2026-10-02
build-on,b,BUILDon,16.85,16845015442,209,355168926.0,1000000000.0,1000000000.0,73.03,7.36,2026-10-02
cash-cat,cashcat,Cash Cat,16.93,16733650823,210,1284913094.0,987874689.0836214,987874689.0836214,29.74,0.152663,2026-10-02
swissborg,borg,SwissBorg,17.02,16702728824,211,38032676.0,981352443.442,981352443.442,120.97,0.34615,2026-10-02
mx-token,mx,MX,180.22,16550621433,212,533327858.0,91837334.0,409024834.0,487.24,3.02,2026-10-02
apyusd,apyusd,apyUSD,135.29,16365764101,213,35494151.0,120969184.20119697,120969184.2011969,448231.0,91.93,2026-10-02
vision-3,vsn,Vision,4.28,16223888299,214,181220423.0,3795329717.884494,4200000000.0,19.64,2.71,2026-10-02
spiko-us-t-bills-money-market-fund,ustbl,Spiko US T-Bills Money Market Fund,105.53,15950159166,215,0.0,151136231.35884,151136231.35884,105.78,84.8,2026-10-02
ecash,xec,eCash,0.00078875,15847312916,216,477751772.0,20091376547580.0,20091448422580.0,0.02773893,0.00045307,2026-10-02
vaulta,a,Vaulta,9.39,15688997103,217,582960379.0,1670664289.8397,2100000000.0,66.55,5.47,2026-10-02
immutable-x,imx,Immutable,17.31,15664697577,218,1386283483.0,904472049.1198142,2000000000.0,709.31,9.07,2026-10-02
tradable-apac-diversified-finance-provider-sstn,pc0000033,Tradable APAC Diversified Finance Provider SSTN,96.14,15621979588,219,0.0,162500000.0,162500000.0,96.9,85.32,2026-10-02
coco-2,coco,coco,15.54,15546795525,220,3441534.0,1000000000.0,1000000000.0,33.53,0.169562,2026-10-02
btse-token,btse,BTSE Token,95.06,15402377051,222,18859359.0,162061501.0,200000000.0,702.29,5.49,2026-10-02
apecoin,ape,ApeCoin,15.36,15372112106,221,1726048770.0,1000000000.0,1000000000.0,2044.73,7.58,2026-10-02
gmt-token,gomining,GoMining Token,38.02,15314027836,223,1675562725.0,402942408.6324701,402942408.6324701,48.04,5.65,2026-10-02
strategy-pp-variable-xstock,strcx,Strategy PP Variable xStock,10287.54,15049309429,224,21673753.0,1462833.5989318092,2865706.968146418,13368.79,6911.7,2026-10-02
artificial-inu-3,ai,Artificial Inu,15.06,14947347248,225,2463188790.0,991203789.8409551,991203789.8409551,36.93,0.101507,2026-10-02
sonic-3,s,Sonic,3.79,14752340423,226,2799674188.0,3885497663.0,3885497663.0,88.3,1.8,2026-10-02
sentient,sent,Sentient,2.04,14735491145,227,495517844.0,7237882055.0,34359738368.0,4.41,1.081,2026-10-02
safepal,sfp,SafePal,29.44,14716162605,228,119290107.0,500000000.0,500000000.0,305.14,18.97,2026-10-02
ultima,ultima,Ultima,172009.0,14564619937,229,807503847.0,84708.0,100000.0,1983633.0,149979.0,2026-10-02
aioz-network,aioz,AIOZ Network,11.27,14454368272,230,759425154.0,1281464390.6843812,1281747105.53341,194.51,0.912215,2026-10-02
humanity,h,Humanity,6.79,14408205599,231,210856712.0,2120466197.4329996,10000000000.0,81.26,1.55,2026-10-02
gusd,gusd,GUSD,95.96,14374304122,232,165333986.0,149790000.0,320000000.0,96.84,86.82,2026-10-02
1inch,1inch,1INCH,10.09,14179856033,234,826694679.0,1405573965.7275033,1499999999.997,648.39,6.14,2026-10-02
havven,snx,Synthetix,24.4,14176516563,233,776472987.0,580980590.4572881,581404223.5556631,2071.19,2.42,2026-10-02
superfarm,super,SuperVerse,21.66,14104916713,235,4340406717.0,650164549.0,1000000000.0,347.99,5.86,2026-10-02
zksync,zk,ZKsync,1.3,14082084728,237,2744215551.0,10816539153.0,21000000000.0,26.81,0.679631,2026-10-02
basic-attention-token,bat,Basic Attention,9.39,14050359413,236,898279279.0,1495724656.9526057,1500000000.0,142.64,4.66,2026-10-02
stp-network,awe,AWE Network,7.11,13807065998,238,135931283.0,1942420282.5203903,1942420282.5203903,20.2,0.456977,2026-10-02
elrond-erd-2,egld,MultiversX,444.24,13714126765,239,315140591.0,30870098.0,30870098.0,40604.0,229.12,2026-10-02
celium,sn51,lium,2807.34,13498445856,240,164662989.0,4808160.989188657,4808160.989188657,3198.81,15.44,2026-10-02
circle-internet-group-bstock,crclb,Circle Internet Group (bStocks Tokenized Stock),8160.74,13117083043,241,2551883537.0,1607301.13533291,1608067.80784469,9975.39,5544.88,2026-10-02
dgrid-ai,dgai,DGrid AI,87.22,13084332546,242,1881393962.0,149999999.99900007,1000000000.0,108.97,34.88,2026-10-02
instadapp,fluid,Fluid,155.8,13043233036,243,237696199.0,83696996.82034639,100000000.0,1799.83,30.33,2026-10-02
meta-2-2,meta,MetaDAO,574.4,13030572500,244,165072893.0,22684686.324871,22684686.324871,972.68,63.37,2026-10-02
jpycoin,jpyc,JPY Coin,0.60628,12904856352,245,93949516.0,21285482436.95474,21285482436.95474,2.06,0.502014,2026-10-02
chutes,sn64,Chutes,2118.29,12862108416,246,53869834.0,6071789.116320483,6071789.116320483,8937.54,32.35,2026-10-02
zencash,zen,Horizen,690.22,12708565820,247,1179426518.0,18406455.728282973,21000000.0,12160.33,216.39,2026-10-02
cash-4,cash,CASH,96.09,12644883661,248,1051968541.0,131588435.784776,131588435.784776,96.92,86.47,2026-10-02
soon-2,soon,SOON,37.13,12622723198,249,6980450983.0,339791742.36,11010339693.50892,381.39,9.33,2026-10-02
golem,glm,Golem,12.54,12540741325,250,167020733.0,1000000000.0,1000000000.0,86.4,0.613205,2026-10-02
bitcoin,btc,Bitcoin,8295633.0,166696360627599,1,3783282025507.0,20092375.0,20092384.0,11187013.0,3993.42,2026-10-02
ethereum,eth,Ethereum,263705.0,32200380712378,2,1511559056424.0,122098689.50213154,122098689.5021315,431946.0,28.13,2026-10-02
tether,usdt,Tether,96.11,17691123937520,3,6981507016527.0,184057713983.93323,189524660047.5562,105.52,36.86,2026-10-02
binancecoin,bnb,BNB,74592.0,9932999719227,4,78971084291.0,133159312.52,133159303.71,121422.0,2.58,2026-10-02
ripple,xrp,XRP,147.99,9336850458159,5,286124857114.0,63092975951.0,99985612577.0,313.99,0.159343,2026-10-02
usd-coin,usdc,USDC,96.12,7113629333945,6,2144570932988.0,74003236641.03654,73996647926.85109,96.99,65.31,2026-10-02
solana,sol,Solana,11720.38,6893001696407,7,422689211517.0,588075337.5285048,635073002.6600933,25396.0,38.03,2026-10-02
tron,trx,TRON,32.2,3058051494387,8,35957053027.0,94976612551.81999,94977910377.9578,36.53,0.117589,2026-10-02
figure-heloc,figr_heloc,Figure Heloc,98.27,2299410853358,9,1574162136.0,23399762227.818,23399762227.818,101.84,13.78,2026-10-02
zcash,zec,Zcash,132846.0,2253828713280,10,119611059681.0,16960081.4155448,16964023.6030448,211171.0,1342.38,2026-10-02
hyperliquid,hype,Hyperliquid,8742.11,1945012499753,11,88798706726.0,222445714.07414138,955307079.4341414,9368.5,321.88,2026-10-02
dogecoin,doge,Dogecoin,9.29,1451045221284,12,82837256053.0,156154276383.7052,156156346383.7052,53.62,0.00552883,2026-10-02
chainlink,link,Chainlink,1384.76,1036000369273,13,47098120648.0,748099970.424884,1000000000.0,3862.15,9.55,2026-10-02
monero,xmr,Monero,52427.0,986870944032,14,11691455120.0,18812242.250365086,18812287.84977191,72026.0,13.57,2026-10-02
whitebit,wbt,WhiteBIT Coin,8268.66,982495290604,15,11470372350.0,118819745.0,293389244.0,8421.2,245.71,2026-10-02
usds,usds,USDS,96.11,955928035903,16,24812177711.0,9946471845.618187,9952236860.552437,96.98,79.67,2026-10-02
cardano,ada,Cardano,24.62,924136220891,17,54273675212.0,37541298084.960144,45000000000.0,225.26,1.38,2026-10-02
rain,rain,Rain,1.12,794151721907,18,2288942546.0,709250252593.093,1142408526965.963,1.85,0.196087,2026-10-02
leo-token,leo,LEO Token,861.88,792818174464,19,27882071.0,919857851.9,985239504.0,1008.66,56.97,2026-10-02
stellar,xlm,Stellar,21.63,758090527215,20,22965683166.0,35040040738.21158,50001786839.69947,55.54,0.02966141,2026-10-02
near,near,NEAR Protocol,469.7,614026484409,21,122067764021.0,1307873756.0,1307873762.0,1518.16,39.17,2026-10-02
bitcoin-cash,bch,Bitcoin Cash,30421.0,611619735700,22,23123630553.0,20097324.89665076,20097340.52165076,242198.0,5536.54,2026-10-02
uniswap,uni,Uniswap,868.29,542946884353,23,59348141480.0,625268422.6104751,887516418.9163101,3333.06,75.81,2026-10-02
litecoin,ltc,Litecoin,6703.47,520568275919,24,36529332131.0,77670260.8217404,77673160.8296346,30082.0,72.12,2026-10-02
avalanche-2,avax,Avalanche,1072.45,475335055467,25,44769093753.0,443176938.9007337,469845805.7289045,10772.35,204.63,2026-10-02
ethena-usde,usde,Ethena USDe,96.11,471380778519,26,3405084682.0,4904466489.662967,4904560353.720665,96.98,78.05,2026-10-02
canton-network,cc,Canton,11.74,467127844223,27,1719105208.0,39740505152.82366,39741422195.69073,17.72,5.31,2026-10-02
sui,sui,Sui,113.1,465878001592,28,76750132664.0,4118270447.6403894,10000000000.0,458.6,30.36,2026-10-02
hedera-hashgraph,hbar,Hedera,10.11,445362129976,29,16420457189.0,43997753975.857605,50000000000.0,41.81,0.703644,2026-10-02
dai,dai,Dai,96.13,440983928584,30,39246595266.0,4587545593.367843,4619754252.040674,104.44,64.85,2026-10-02
usd1-wlfi,usd1,USD1,96.09,424572982041,31,101218085750.0,4418501460.431535,4418501460.431535,100.02,83.75,2026-10-02
the-open-network,gram,Gram (prev. Toncoin),149.43,421134247701,32,5212625160.0,2818047357.4327154,5259203527.005715,689.6,38.25,2026-10-02
bitway,btw,Bitway,138.5,374932907418,33,2585167333.0,2708142280.000001,10000000000.0,142.76,0.842049,2026-10-02
bittensor,tao,Bittensor,29839.0,338409771404,34,22744473190.0,11339645.9251,21000000.0,62722.0,2535.93,2026-10-02
shiba-inu,shib,Shiba Inu,0.00056663,333867886914,35,9828570345.0,589238865672620.0,589496063961009.6,0.00645756,4.169e-09,2026-10-02
crypto-com-chain,cro,Cronos,6.67,332021644577,36,1342527333.0,49756600083.77772,98956583198.19203,66.37,0.864137,2026-10-02
tether-gold,xaut,Tether Gold,401957.0,325192532114,37,21157198472.0,808994.63,827417.63,506656.0,108167.0,2026-10-02
quant-network,qnt,Quant,22222.0,323171580912,38,42518647695.0,14544176.164081175,14612493.0,34322.0,15.06,2026-10-02
global-dollar,usdg,Global Dollar,96.14,305114994254,39,83230839604.0,3173645165.517037,3173745134.336116,143.35,76.61,2026-10-02
paypal-usd,pyusd,PayPal USD,96.14,275510107991,40,10610160767.0,2865863495.4876432,2865863495.487643,96.97,80.95,2026-10-02
aave,aave,Aave,17739.92,273978087795,41,67135454610.0,15434997.596186722,16000000.0,48387.0,1933.39,2026-10-02
pump-fun,pump,Pump.fun,0.561295,261073933249,42,57559059792.0,464927020902.7715,830430241087.0863,0.77853,0.10906,2026-10-02
okb,okb,OKB,11747.52,246796385340,43,2150241530.0,21000000.0,21000000.0,20297.0,40.86,2026-10-02
ripple-usd,rlusd,Ripple USD,96.14,241281505070,44,24133045763.0,2509774082.0172095,2508918019.017206,97.01,81.72,2026-10-02
ethena,ena,Ethena,23.76,240014865902,45,56583501207.0,10095312500.0,15000000000.0,126.48,6.64,2026-10-02
ondo-finance,ondo,Ondo,48.89,237995679994,46,24467044425.0,4869330647.0,10000000000.0,181.52,6.83,2026-10-02
hashnote-usyc,usyc,Circle USYC,109.5,231253954359,47,0.0,2111916940.477755,2111916940.477755,109.75,86.89,2026-10-02
memecore,m,MemeCore,101.1,230612866291,48,116249198.0,2281725727.615356,5420700053.399432,536.04,4.05,2026-10-02
ondo-us-dollar-yield,usdy,Ondo US Dollar Yield,110.14,218814434959,49,351283716.0,1986442681.7572312,1989145747.758101,110.7,77.42,2026-10-02
blackrock-usd-institutional-digital-liquidity-fund,buidl,BlackRock USD Institutional Digital Liquidity Fund,96.14,217520128086,50,0.0,2262646716.187649,2262646716.187649,96.9,83.81,2026-10-02
mantle,mnt,Mantle,64.91,214351997892,51,3102689956.0,3302003382.53684,6219316794.889999,253.43,25.64,2026-10-02
sky,sky,Sky,8.53,200058288206,52,3654446255.0,23422717430.57867,23459804203.60596,8.76,3.12,2026-10-02
polkadot,dot,Polkadot,117.21,199907666844,53,16744438916.0,1705455554.8948014,1705473292.618701,4095.22,69.59,2026-10-02
worldcoin-wld,wld,Worldcoin,51.78,196198283643,54,48338215607.0,3793753211.141162,10000000000.0,971.56,22.02,2026-10-02
aster-2,aster,Aster,71.86,194733828463,55,10651352565.0,2710487455.6497307,7795741639.234234,213.7,8.76,2026-10-02
pepe,pepe,Pepe,0.00043572,183490454592,56,39775461403.0,420690000000000.0,420690000000000.0,0.00237833,4.52e-06,2026-10-02
morpho,morpho,Morpho,254.01,177797796180,57,3537626407.0,699903176.1561837,1000000000.0,361.23,60.2,2026-10-02
pax-gold,paxg,PAX Gold,402362.0,175076960056,58,13530272046.0,435070.590539,435070.590539,516779.0,100361.0,2026-10-02
internet-computer,icp,Internet Computer,313.78,174798786844,59,5540563146.0,557007092.9153376,557007382.8045111,51433.0,183.62,2026-10-02
world-liberty-financial,wlfi,World Liberty Financial,5.38,170825816488,60,3300906447.0,31778337976.0,100000000000.0,29.22,4.61,2026-10-02
falcon-finance,usdf,Falcon USD,95.75,149533593711,61,29851618.0,1561607327.2652395,1609990603.515033,96.82,80.47,2026-10-02
htx-dao,htx,HTX DAO,0.00016424,147445924299,62,7441990651.0,898232728634017.2,898232728634017.2,0.00031771,6.739e-05,2026-10-02
usdd,usdd,USDD,96.1,145606932997,63,337133020.0,1515152604.0,1514900269.0,118.56,72.35,2026-10-02
united-stables,u,United Stables,96.06,144243546454,64,14086820446.0,1501671534.63,1525661534.63,96.99,86.73,2026-10-02
spiko-amundi-overnight-swap-fund-eur,eursafo,Spiko Amundi Overnight Swap Fund (EUR),109.53,143276878662,65,0.0,1308054511.7182,1308054511.7182,113.39,109.49,2026-10-02
venice-token,vvv,Venice Token,2894.0,139870857963,66,5335594215.0,48289140.551073596,81087174.98963824,3309.14,82.42,2026-10-02
ethereum-classic,etc,Ethereum Classic,880.14,139358034690,67,6418894868.0,158350715.60090342,158351899.3317548,12296.58,41.44,2026-10-02
bitget-token,bgb,Bitget Token,192.23,134574639413,68,1175392442.0,699992029.6481037,910920874.6481038,722.65,1.081,2026-10-02
arbitrum,arb,Arbitrum,19.63,133207431668,69,18674161832.0,6785574605.0,10000000000.0,198.19,6.65,2026-10-02
bfusd,bfusd,BFUSD,96.07,126809534463,70,155337205.0,1320000000.0,1320000000.0,96.89,86.85,2026-10-02
usdgo,usdgo,USDGO,96.14,114859418964,71,7108510918.0,1194633292.97,1194633292.97,97.01,91.54,2026-10-02
gatechain-token,gt,Gate,1072.4,114371773056,72,110323891.0,106648130.11937457,118899493.00505702,2187.52,19.44,2026-10-02
kaspa,kas,Kaspa,4.12,114153572803,73,2242537982.0,27732249762.74345,27733651623.79915,17.36,0.01327337,2026-10-02
algorand,algo,Algorand,12.53,113572213994,74,16938523219.0,9058106367.9364,9062251796.444874,247.29,7.25,2026-10-02
polygon-ecosystem-token,pol,POL (ex-MATIC),10.52,111806107841,75,7876407476.0,10624572016.540514,10624572016.540512,106.68,6.41,2026-10-02
jupiter-exchange-solana,jup,Jupiter,31.67,105141793085,76,7956473793.0,3319369204.37,6861486492.127128,166.05,12.3,2026-10-02
just,jst,JUST,12.31,100892294373,77,2213692534.0,8188743036.341737,8188743036.341737,14.19,0.359754,2026-10-02
kucoin-shares,kcs,KuCoin,714.81,99834456996,78,933275343.0,139655021.2773955,142155021.2773955,2158.41,24.48,2026-10-02
render-token,render,Render,189.64,98387302795,79,5134850647.0,518776241.28269154,533536414.5626915,1121.89,2.79,2026-10-02
pi-network,pi,Pi Network,8.67,97445627707,80,469025659.0,11243022455.380999,17296957623.66307,260.4,6.77,2026-10-02
blockchain-capital,bcap,Blockchain Capital,10337.42,94195758589,81,0.0,9112111.0,9112111.0,10360.96,1516.02,2026-10-02
lighter,lit,Lighter,365.56,91399958793,82,9182561088.0,250000000.0,1000000000.0,705.52,73.21,2026-10-02
cosmos,atom,Cosmos Hub,167.12,89208637591,83,4115084898.0,533769512.358817,533791855.241772,3233.07,87.61,2026-10-02
nexo,nexo,NEXO,83.19,83171701857,84,309910721.0,1000000000.0,1000000000.0,298.99,3.25,2026-10-02
filecoin,fil,Filecoin,99.24,82695898234,85,12463880277.0,833303530.0,1957017008.0,17367.85,58.59,2026-10-02
pancakeswap-token,cake,PancakeSwap,248.76,82265111647,86,6205696405.0,330679794.05459136,342286106.3820742,3259.75,14.48,2026-10-02
aerodrome-finance,aero,Aerodrome Finance,76.38,76392943001,87,5315068218.0,999990292.4328847,1992844978.458703,196.44,0.0015484,2026-10-02
vechain,vet,VeChain,0.860079,73928947521,88,988874591.0,85985041177.0,85985041177.0,20.95,0.144791,2026-10-02
dash,dash,Dash,5737.63,73733799901,89,9420524983.0,12850774.70616871,12851086.78132121,95552.0,13.82,2026-10-02
stable-2,stable,​​Stable,2.72,72948725276,90,755108332.0,26842993141.0,100000000000.0,4.14,0.827533,2026-10-02
injective-protocol,inj,Injective,723.8,72406195280,91,10560375463.0,100000000.0,100000000.0,4364.19,49.02,2026-10-02
superstate-short-duration-us-government-securities-fund-ustb,ustb,Invesco Short Duration US Government Securities Fund,1079.59,72091109787,92,0.0,66776370.813419,66670756.869989,1082.05,876.83,2026-10-02
akedo,ake,Akedo,3.13,71205359107,93,713253347.0,22796250000.0,100000000000.0,14.08,0.01659934,2026-10-02
midnight-3,night,Midnight,4.28,71038013720,94,9208249588.0,16607399400.634954,24000000000.0,10.66,1.47,2026-10-02
aptos,apt,Aptos,78.9,68720611774,95,7138120134.0,871107277.2034705,1209551814.899507,1622.34,48.75,2026-10-02
ether-fi,ethfi,Ether.fi,70.72,68284983645,96,4884667414.0,965350000.0,965350000.0,711.06,25.42,2026-10-02
gho,gho,GHO,96.06,67145605354,97,379284206.0,699000000.0,699000000.0,96.87,76.18,2026-10-02
blockstack,stx,Stacks,35.47,66307592876,98,5421266254.0,1871098180.301809,1871108880.301809,322.23,3.44,2026-10-02
eutbl,eutbl,Spiko EU T-Bills Money Market Fund,114.51,66007690947,99,0.0,576412363.55825,555742361.39701,118.61,84.72,2026-10-02
xdce-crowd-sale,xdc,XDC Network,3.26,65076985950,100,1706005616.0,19946688440.0,38065686425.1,14.32,0.02721364,2026-10-02
open-usd,ousd,Open USD,96.11,64251352584,101,363979133.0,668499643.93,668499643.93,96.33,95.85,2026-10-02
layerzero,zro,LayerZero,177.19,62551935066,102,16691862219.0,353313325.89,1000000000.0,632.92,67.47,2026-10-02
flare-networks,flr,Flare,0.710749,61885589463,103,333551519.0,87061365438.15585,106669998817.8837,12.35,0.558382,2026-10-02
pudgy-penguins,pengu,Pudgy Penguins,0.953189,59941728424,104,22772812103.0,62860396090.0,76722799736.77728,5.81,0.320882,2026-10-02
pyth-network,pyth,Pyth Network,7.4,58301031836,105,2058684308.0,7874959274.621841,10000000000.0,99.17,2.82,2026-10-02
official-trump,trump,Official Trump,204.81,57719445501,106,21194787905.0,281867936.287634,1000000000.0,6357.94,130.72,2026-10-02
curve-dao-token,crv,Curve DAO,36.6,57500243592,107,6953771677.0,1570769938.0,2422754823.966288,1150.14,15.17,2026-10-02
janus-henderson-anemoy-aaa-clo-fund,jaaa,Janus Henderson Anemoy AAA CLO Fund,100.99,56241373851,108,0.0,556927498.378853,556927498.378853,101.2,89.64,2026-10-02
beldex,bdx,Beldex,7.08,55719363366,109,220435317.0,7870994979.676834,9939718245.38,32.42,0.01949843,2026-10-02
usual-usd,usd0,Usual USD,96.02,52497803399,110,13749864.0,546721152.8882058,546721152.8882058,110.74,81.88,2026-10-02
fetch-ai,fet,Artificial Superintelligence Alliance,22.33,51699111626,111,15007782326.0,2311508384.055814,2714384546.672,287.87,0.616804,2026-10-02
virtual-protocol,virtual,Virtuals Protocol,78.22,51512951577,112,8090039697.0,658385841.8252224,1000000000.0,434.45,0.622571,2026-10-02
kinesis-gold,kau,Kinesis Gold,12919.85,51502114574,113,6876020.0,3986181.4592,2386227.8342,18851.55,3614.27,2026-10-02
raydium,ray,Raydium,187.63,50650690128,114,4282586548.0,269863602.195736,555000000.0,1237.65,11.13,2026-10-02
ylds,ylds,YLDS,96.12,49873831828,116,5772104403.0,518877158.33,518877158.33,96.99,87.62,2026-10-02
bianrensheng,币安人生,币安人生 (BinanceLife),49.82,49848789629,115,421485471.0,1000000000.0,1000000000.0,85.28,3.63,2026-10-02
true-usd,tusd,TrueUSD,96.12,47535913604,117,1322186763.0,494515083.0,494515083.0,112.93,64.32,2026-10-02
usdtb,usdtb,USDtb,96.13,47364974344,118,9176080.0,492725712.6561826,492725712.6561826,96.91,77.41,2026-10-02
sei-network,sei,Sei,6.91,46553621753,119,6651688771.0,6733333333.0,10000000000.0,94.47,3.66,2026-10-02
grass,grass,Grass,66.0,46194070910,120,4160803533.0,699492325.0,1000000000.0,328.41,15.07,2026-10-02
euro-coin,eurc,EURC,108.02,45513334508,121,4208665172.0,421327668.5739902,423422760.8925712,112.72,4.35,2026-10-02
a7a5,a7a5,A7A5,1.13,44277225858,122,104380.0,39237341548.10074,39237548476.40073,20.14,0.00091492,2026-10-02
celestia,tia,Celestia,45.27,44135412417,123,8052803417.0,975886836.253246,1178464142.022703,1730.96,25.29,2026-10-02
plasma,xpl,Plasma,9.51,42998057703,124,5663606816.0,4533333333.3333,10000000000.0,149.21,5.75,2026-10-02
pendle,pendle,Pendle,234.96,40810002221,125,6109727485.0,173632510.94553822,281527448.4585314,625.59,2.73,2026-10-02
spx6900,spx,SPX6900,43.25,40277338591,126,630804141.0,930987187.3299134,930987187.3299134,196.84,0.109402,2026-10-02
bitcoin-cash-sv,bsv,Bitcoin SV,1927.39,38669489738,128,288130498.0,20091403.125,20091600.0,36495.0,990.23,2026-10-02
derive,drv,Derive,38.72,38652067760,127,1962479811.0,999651632.5499792,1500000000.0,48.85,1.068,2026-10-02
falcon-finance-ff,ff,Falcon Finance,11.54,38588731186,129,532067080.0,3343055555.0,10000000000.0,68.38,5.45,2026-10-02
monad,mon,Monad,3.23,38176897882,130,8942058427.0,11825165000.0,100682925000.0,4.36,1.48,2026-10-02
pieverse,pieverse,Pieverse,133.28,36623684990,131,295792165.0,274750000.0,1000000000.0,190.03,10.59,2026-10-02
lido-dao,ldo,Lido DAO,43.87,36394071683,132,5376512400.0,829567764.2043006,1000000000.0,543.56,22.2,2026-10-02
pearl-2,prl,Pearl,109.53,36388468492,133,376528245.0,332203113.3482476,2100000000.0,168.19,13.51,2026-10-02
bittorrent,btt,BitTorrent,3.609e-05,35616311640,134,1126999545.0,987037885840674.8,990000000000000.0,0.00025579,2.414e-05,2026-10-02
kite-2,kite,Kite,14.43,34504623985,135,1979844007.0,2391196012.0,10000000000.0,29.33,5.48,2026-10-02
pons,pons,Pons,50.52,34437653765,136,3577054137.0,681724299.1597174,681752147.7628574,91.7,0.319844,2026-10-02
tezos,xtz,Tezos,30.98,34008315002,137,833481612.0,1097687388.67757,1117657821.685754,676.89,18.29,2026-10-02
unibase,ub,Unibase,13.34,33350896338,138,1022464221.0,2500000000.0,10000000000.0,23.38,0.909123,2026-10-02
usdai,usdai,USDai,96.18,33275202110,139,256426047.0,345955902.66272795,346405645.4552136,104.92,68.25,2026-10-02
bonk,bonk,Bonk,0.00037585,33048405489,140,4883896489.0,87994374942476.2,87994374942476.2,0.00491619,7.14e-06,2026-10-02
backpack,bp,Backpack,130.95,32747157289,141,2164867653.0,250000000.0,1000000000.0,158.08,11.24,2026-10-02
sofiusd,sofid,SoFiUSD,95.98,31749357867,142,1147550709.0,330808795.21,330808795.21,96.82,94.14,2026-10-02
sun-token,sun,Sun Token,1.64,31600909927,143,1314574657.0,19222181989.37517,19900730000.0,4880.96,0.374246,2026-10-02
janus-henderson-anemoy-treasury-fund,jtrsy,Janus Henderson Anemoy Treasury Fund,107.47,31360310747,144,0.0,291807107.730094,291807107.730094,107.7,95.98,2026-10-02
first-digital-usd,fdusd,First Digital USD,96.05,31218064837,145,13387293547.0,325042596.910496,325042596.910496,100.07,78.29,2026-10-02
decred,dcr,Decred,1766.89,31160266988,146,148342277.0,17629199.78156046,17629388.49731432,18443.33,29.25,2026-10-02
the-graph,grt,The Graph,2.81,30811915563,147,1561102470.0,10941320353.043917,11612995353.0437,206.81,1.24,2026-10-02
ousg,ousg,Ondo Short-Term U.S. Government Bond Fund,11224.28,30737186390,148,0.0,2738455.144767378,2738455.144767378,11248.65,7844.42,2026-10-02
hash-2,hash,Provenance Blockchain,0.524723,30728700053,149,677935.0,58561640302.0,94978475357.64638,5.31,0.397907,2026-10-02
apxusd,apxusd,apxUSD,95.34,30576190726,150,91648424.0,320698767.6594533,320698767.6594533,96.95,67.67,2026-10-02
starknet,strk,Starknet,4.12,30561293517,151,3130002136.0,7421949505.848546,10000000000.0,366.16,2.13,2026-10-02
gnosis,gno,Gnosis,11512.98,30395351093,152,186750105.0,2639589.0,3000000.0,47603.0,519.75,2026-10-02
optimism,op,Optimism,12.76,29316482621,153,9296349280.0,2299624975.0,4294967296.0,401.58,7.72,2026-10-02
olympus,ohm,Olympus,1955.27,29221337733,154,7097008.0,14939262.280564522,19823045.1403943,121096.0,616.08,2026-10-02
doublezero,2z,DoubleZero,5.64,28912693422,155,1275189784.0,5121498138.4,9998069891.4,79.28,4.3,2026-10-02
ethereum-name-service,ens,Ethereum Name Service,678.59,28697135429,156,1515111553.0,42267014.20143092,100000000.0,6205.48,361.17,2026-10-02
re-protocol-reusd,reusd,Re Protocol reUSD,106.16,28626130796,157,563465060.0,269640569.9245475,269440016.9245475,106.43,75.07,2026-10-02
terra-luna,lunc,Terra Luna Classic,0.00511161,28198933881,158,887532976.0,5516185130228.837,6447225803838.415,8974.09,7.733e-05,2026-10-02
jito-governance-token,jto,Jito,53.28,28125974537,159,2528367374.0,527779716.6,1000000000.0,501.19,19.7,2026-10-02
conflux-token,cfx,Conflux,5.28,27698025291,160,639546814.0,5243556444.14,5244138873.06,123.22,1.82,2026-10-02
arweave,ar,Arweave,419.35,27539816947,161,1905763973.0,65652466.0,65652466.0,6640.2,21.36,2026-10-02
syrup,syrup,Maple Finance,23.22,27093209035,162,1347133387.0,1167271959.1810675,1244677492.511099,56.23,7.31,2026-10-02
floki,floki,FLOKI,0.00272785,26303934730,163,2097281406.0,9643112692798.451,9643112692798.451,0.02877055,6.26e-06,2026-10-02
ape-and-pepe,apepe,Ape and Pepe,0.00012331,25894449113,164,1304841549.0,210000000000000.0,210000000000000.0,0.00058203,5.75e-05,2026-10-02
jasmycoin,jasmy,JasmyCoin,0.521529,25792790835,165,4541748609.0,49444999677.59027,50000000000.0,347.8,0.227783,2026-10-02
zebec-network,zbcn,Zebec Network,0.253894,25405607147,166,898097248.0,99998768825.39131,99998768825.39131,0.59785,0.058786,2026-10-02
thorchain,rune,THORChain,76.32,25078177929,167,3771259555.0,328591411.0,353908486.0,1525.95,0.601495,2026-10-02
iota,iota,IOTA,5.35,25005606614,168,1141231139.0,4673291998.0,4994922684.0,336.22,2.97,2026-10-02
dogwifcoin,wif,dogwifhat,24.56,24530953540,169,9028306508.0,998926392.0,998926392.0,402.36,0.129643,2026-10-02
eigenlayer,eigen,EigenCloud (prev. EigenLayer),25.04,24267463564,170,3506133780.0,969024551.0099299,1849558131.879467,479.53,13.79,2026-10-02
useless-3,useless,Useless Coin,24.07,24029648753,171,2785512259.0,999940362.02,999940362.02,38.58,0.446078,2026-10-02
trust-wallet-token,twt,Trust Wallet,57.0,23751948182,172,887833912.0,416649900.0,1000000000.0,224.28,0.209814,2026-10-02
compound-governance-token,comp,Compound,2357.23,23570099569,173,1704211339.0,10000000.0,10000000.0,62696.0,1374.36,2026-10-02
apenft,nft,AINFT,2.307e-05,22845329757,174,610702336.0,990105592982874.8,990105592982874.8,0.00054965,2.182e-05,2026-10-02
kaia,kaia,Kaia,3.52,22616785997,175,773992479.0,6433861143.843978,6434031770.974706,34.46,2.07,2026-10-02
kamino,kmno,Kamino,3.97,22475399986,176,951110231.0,5660274322.75,9999956783.017273,21.02,1.28,2026-10-02
crvusd,crvusd,crvUSD,96.07,22216264199,177,1615561127.0,231229495.45449078,231578327.8797028,97.04,78.57,2026-10-02
theta-token,theta,Theta Network,21.73,21733479716,178,515981149.0,1000000000.0,1000000000.0,1170.34,2.96,2026-10-02
collector-crypt,cards,Collector Crypt,24.14,21648829222,179,2042942400.0,897126447.2157571,1974159587.650464,33.67,1.87,2026-10-02
kinesis-silver,kag,Kinesis Silver,5872.76,21518535667,180,20453742.0,3664037.1286,3777096.9336,11907.44,362.2,2026-10-02
bnb48-club-token,koge,KOGE,6318.95,21358086670,181,1372660.0,3379997.6,3379997.6,13525.21,87.17,2026-10-02
axie-infinity,axs,Axie Infinity,120.78,21105026792,182,5851750324.0,174806933.00134403,270000000.0,12233.95,9.17,2026-10-02
agora-dollar,ausd,AUSD,96.11,20966663853,183,547311800.0,218148511.719908,220176012.686236,96.96,80.49,2026-10-02
frax,frax,Legacy Frax Dollar,95.41,20924770805,184,16137280.0,219310245.87260038,219310245.8726003,157.66,23.64,2026-10-02
convex-finance,cvx,Convex Finance,224.44,20914384769,185,1698769829.0,93194518.49512771,99993015.87972511,4477.35,98.19,2026-10-02
usx,usx,USX,96.09,20452937403,186,212728957.0,212858794.546464,212858794.546464,116.47,74.4,2026-10-02
safo,safo,Spiko Amundi Overnight Swap Fund,98.32,20263755127,187,0.0,206105815.48266,206105815.48266,98.53,96.08,2026-10-02
mina-protocol,mina,Mina Protocol,15.52,20098578025,188,2212499751.0,1293631019.840039,1293631019.840039,659.2,3.47,2026-10-02
decentraland,mana,Decentraland,10.12,19834051759,189,8336463995.0,1958329527.8932714,2193179327.320146,435.95,0.597438,2026-10-02
tradable-na-rent-financing-platform-sstn,pc0000031,Tradable NA Rent Financing Platform SSTN,96.14,19467389948,190,0.0,202500000.0,202500000.0,16222235239.0,85.22,2026-10-02
grx-chain,grx,GRX Chain,2034.67,19355047896,191,322746966.0,9512395.0,9998039.0,2054.34,78.61,2026-10-02
stonk-3,stonk,STONK,23.97,19329817801,192,2178469978.0,805851858.9775287,805809476.2756808,38.43,0.166157,2026-10-02
zama,zama,Zama,7.56,19263936340,193,1145815697.0,2547018659.2069583,11313374436.93133,10.27,1.52,2026-10-02
akash-network,akt,Akash Network,64.57,19257018676,194,676890639.0,298333532.538285,298407950.362244,593.39,13.49,2026-10-02
bedrock-token,br,Bedrock,64.49,19131657691,195,397056401.0,296666666.0,1000000000.0,129.55,3.35,2026-10-02
the-sandbox,sand,The Sandbox,6.35,18645593843,196,24437230775.0,2937639702.3733225,3000000000.0,625.46,2.16,2026-10-02
shuffle-2,shfl,Shuffle,37.46,18200688825,197,280038017.0,485742073.23611915,920031317.540615,68.95,11.99,2026-10-02
origintrail,trac,OriginTrail,40.71,18151338847,198,2511004272.0,447274118.0,500000000.0,261.16,0.290873,2026-10-02
societe-generale-forge-eurcv,eurcv,EUR CoinVertible,108.02,18123052451,200,3330557358.0,167780470.33,167780470.33,112.96,85.24,2026-10-02
chain-2,xcn,Onyxcoin,0.458456,18120520701,199,600541602.0,39531614357.44513,53402422627.324425,14.28,0.058676,2026-10-02
fartcoin,fartcoin,Fartcoin,17.92,17919472629,201,3490967962.0,999917449.660277,999917448.811872,214.63,1.68,2026-10-02
neo,neo,NEO,251.57,17755016082,202,702000308.0,70530000.0,100000000.0,12603.37,5.22,2026-10-02
usa,usat,USAT,96.07,17610983449,203,35019543.0,183317585.5,183317585.5,96.94,90.01,2026-10-02
non-playable-coin,npc,Non-Playable Coin,2.17,17433279176,204,282924721.0,8050126520.0,8050126520.0,5.58,0.00378388,2026-10-02
railgun,rail,Railgun,287.24,17244379876,205,164025073.0,60000000.0,60000000.0,502.01,18.58,2026-10-02
meteora,met,Meteora,30.54,17023430246,206,1640497405.0,557348007.059353,997732329.661307,60.33,9.01,2026-10-02
chiliz,chz,Chiliz,1.61,16965549973,207,2306897045.0,10544199836.0,10544199836.0,63.87,0.290329,2026-10-02
edgex,edge,edgeX,47.98,16847318057,208,290130887.0,350000000.0,1000000000.0,148.31,22.61,2026-10-02
build-on,b,BUILDon,16.85,16845015442,209,355168926.0,1000000000.0,1000000000.0,73.03,7.36,2026-10-02
cash-cat,cashcat,Cash Cat,16.93,16733650823,210,1284913094.0,987874689.0836214,987874689.0836214,29.74,0.152663,2026-10-02
swissborg,borg,SwissBorg,17.02,16702728824,211,38032676.0,981352443.442,981352443.442,120.97,0.34615,2026-10-02
mx-token,mx,MX,180.22,16550621433,212,533327858.0,91837334.0,409024834.0,487.24,3.02,2026-10-02
apyusd,apyusd,apyUSD,135.29,16365764101,213,35494151.0,120969184.20119697,120969184.2011969,448231.0,91.93,2026-10-02
vision-3,vsn,Vision,4.28,16223888299,214,181220423.0,3795329717.884494,4200000000.0,19.64,2.71,2026-10-02
spiko-us-t-bills-money-market-fund,ustbl,Spiko US T-Bills Money Market Fund,105.53,15950159166,215,0.0,151136231.35884,151136231.35884,105.78,84.8,2026-10-02
ecash,xec,eCash,0.00078875,15847312916,216,477751772.0,20091376547580.0,20091448422580.0,0.02773893,0.00045307,2026-10-02
vaulta,a,Vaulta,9.39,15688997103,217,582960379.0,1670664289.8397,2100000000.0,66.55,5.47,2026-10-02
immutable-x,imx,Immutable,17.31,15664697577,218,1386283483.0,904472049.1198142,2000000000.0,709.31,9.07,2026-10-02
tradable-apac-diversified-finance-provider-sstn,pc0000033,Tradable APAC Diversified Finance Provider SSTN,96.14,15621979588,219,0.0,162500000.0,162500000.0,96.9,85.32,2026-10-02
coco-2,coco,coco,15.54,15546795525,220,3441534.0,1000000000.0,1000000000.0,33.53,0.169562,2026-10-02
btse-token,btse,BTSE Token,95.06,15402377051,222,18859359.0,162061501.0,200000000.0,702.29,5.49,2026-10-02
apecoin,ape,ApeCoin,15.36,15372112106,221,1726048770.0,1000000000.0,1000000000.0,2044.73,7.58,2026-10-02
gmt-token,gomining,GoMining Token,38.02,15314027836,223,1675562725.0,402942408.6324701,402942408.6324701,48.04,5.65,2026-10-02
strategy-pp-variable-xstock,strcx,Strategy PP Variable xStock,10287.54,15049309429,224,21673753.0,1462833.5989318092,2865706.968146418,13368.79,6911.7,2026-10-02
artificial-inu-3,ai,Artificial Inu,15.06,14947347248,225,2463188790.0,991203789.8409551,991203789.8409551,36.93,0.101507,2026-10-02
sonic-3,s,Sonic,3.79,14752340423,226,2799674188.0,3885497663.0,3885497663.0,88.3,1.8,2026-10-02
sentient,sent,Sentient,2.04,14735491145,227,495517844.0,7237882055.0,34359738368.0,4.41,1.081,2026-10-02
safepal,sfp,SafePal,29.44,14716162605,228,119290107.0,500000000.0,500000000.0,305.14,18.97,2026-10-02
ultima,ultima,Ultima,172009.0,14564619937,229,807503847.0,84708.0,100000.0,1983633.0,149979.0,2026-10-02
aioz-network,aioz,AIOZ Network,11.27,14454368272,230,759425154.0,1281464390.6843812,1281747105.53341,194.51,0.912215,2026-10-02
humanity,h,Humanity,6.79,14408205599,231,210856712.0,2120466197.4329996,10000000000.0,81.26,1.55,2026-10-02
gusd,gusd,GUSD,95.96,14374304122,232,165333986.0,149790000.0,320000000.0,96.84,86.82,2026-10-02
1inch,1inch,1INCH,10.09,14179856033,234,826694679.0,1405573965.7275033,1499999999.997,648.39,6.14,2026-10-02
havven,snx,Synthetix,24.4,14176516563,233,776472987.0,580980590.4572881,581404223.5556631,2071.19,2.42,2026-10-02
superfarm,super,SuperVerse,21.66,14104916713,235,4340406717.0,650164549.0,1000000000.0,347.99,5.86,2026-10-02
zksync,zk,ZKsync,1.3,14082084728,237,2744215551.0,10816539153.0,21000000000.0,26.81,0.679631,2026-10-02
basic-attention-token,bat,Basic Attention,9.39,14050359413,236,898279279.0,1495724656.9526057,1500000000.0,142.64,4.66,2026-10-02
stp-network,awe,AWE Network,7.11,13807065998,238,135931283.0,1942420282.5203903,1942420282.5203903,20.2,0.456977,2026-10-02
elrond-erd-2,egld,MultiversX,444.24,13714126765,239,315140591.0,30870098.0,30870098.0,40604.0,229.12,2026-10-02
celium,sn51,lium,2807.34,13498445856,240,164662989.0,4808160.989188657,4808160.989188657,3198.81,15.44,2026-10-02
circle-internet-group-bstock,crclb,Circle Internet Group (bStocks Tokenized Stock),8160.74,13117083043,241,2551883537.0,1607301.13533291,1608067.80784469,9975.39,5544.88,2026-10-02
dgrid-ai,dgai,DGrid AI,87.22,13084332546,242,1881393962.0,149999999.99900007,1000000000.0,108.97,34.88,2026-10-02
instadapp,fluid,Fluid,155.8,13043233036,243,237696199.0,83696996.82034639,100000000.0,1799.83,30.33,2026-10-02
meta-2-2,meta,MetaDAO,574.4,13030572500,244,165072893.0,22684686.324871,22684686.324871,972.68,63.37,2026-10-02
jpycoin,jpyc,JPY Coin,0.60628,12904856352,245,93949516.0,21285482436.95474,21285482436.95474,2.06,0.502014,2026-10-02
chutes,sn64,Chutes,2118.29,12862108416,246,53869834.0,6071789.116320483,6071789.116320483,8937.54,32.35,2026-10-02
zencash,zen,Horizen,690.22,12708565820,247,1179426518.0,18406455.728282973,21000000.0,12160.33,216.39,2026-10-02
cash-4,cash,CASH,96.09,12644883661,248,1051968541.0,131588435.784776,131588435.784776,96.92,86.47,2026-10-02
soon-2,soon,SOON,37.13,12622723198,249,6980450983.0,339791742.36,11010339693.50892,381.39,9.33,2026-10-02
golem,glm,Golem,12.54,12540741325,250,167020733.0,1000000000.0,1000000000.0,86.4,0.613205,2026-10-02
